build a Huge Tower to world height ,“200 things to build or do in minecraft!” by u/KamikazeSenpai21,https://www.reddit.com/r/Minecraft/comments/tc2qgg/200_things_to_build_or_do_in_minecraft/,TRUE,60,
build a sugar cane farm ,“200 things to build or do in minecraft!” by u/KamikazeSenpai21,https://www.reddit.com/r/Minecraft/comments/tc2qgg/200_things_to_build_or_do_in_minecraft/,TRUE,60,
build a custom river across your world ,“200 things to build or do in minecraft!” by u/KamikazeSenpai21,https://www.reddit.com/r/Minecraft/comments/tc2qgg/200_things_to_build_or_do_in_minecraft/,TRUE,60,
build a small fishing hut ,“200 things to build or do in minecraft!” by u/KamikazeSenpai21,https://www.reddit.com/r/Minecraft/comments/tc2qgg/200_things_to_build_or_do_in_minecraft/,TRUE,60,
build some ships from star wars ,“200 things to build or do in minecraft!” by u/KamikazeSenpai21,https://www.reddit.com/r/Minecraft/comments/tc2qgg/200_things_to_build_or_do_in_minecraft/,TRUE,60,
make a musical instrument store ,“200 things to build or do in minecraft!” by u/KamikazeSenpai21,https://www.reddit.com/r/Minecraft/comments/tc2qgg/200_things_to_build_or_do_in_minecraft/,TRUE,60,
make a custom dingy pond ,“200 things to build or do in minecraft!” by u/KamikazeSenpai21,https://www.reddit.com/r/Minecraft/comments/tc2qgg/200_things_to_build_or_do_in_minecraft/,TRUE,60,
make a sewer underneath your world ,“200 things to build or do in minecraft!” by u/KamikazeSenpai21,https://www.reddit.com/r/Minecraft/comments/tc2qgg/200_things_to_build_or_do_in_minecraft/,TRUE,60,
make a realistic mansion ,“200 things to build or do in minecraft!” by u/KamikazeSenpai21,https://www.reddit.com/r/Minecraft/comments/tc2qgg/200_things_to_build_or_do_in_minecraft/,TRUE,60,
make a black market alley for your villagers ,“200 things to build or do in minecraft!” by u/KamikazeSenpai21,https://www.reddit.com/r/Minecraft/comments/tc2qgg/200_things_to_build_or_do_in_minecraft/,TRUE,60,
"make a battlefield with trenches, barbed wire, and vehicles like tanks (intact or ruined) ",“200 things to build or do in minecraft!” by u/KamikazeSenpai21,https://www.reddit.com/r/Minecraft/comments/tc2qgg/200_things_to_build_or_do_in_minecraft/,TRUE,60,
make a hostile mob farm atop your house ,“200 things to build or do in minecraft!” by u/KamikazeSenpai21,https://www.reddit.com/r/Minecraft/comments/tc2qgg/200_things_to_build_or_do_in_minecraft/,TRUE,60,
design unique redstone contraptions ,“200 things to build or do in minecraft!” by u/KamikazeSenpai21,https://www.reddit.com/r/Minecraft/comments/tc2qgg/200_things_to_build_or_do_in_minecraft/,TRUE,60,
collect every block ,“200 things to build or do in minecraft!” by u/KamikazeSenpai21,https://www.reddit.com/r/Minecraft/comments/tc2qgg/200_things_to_build_or_do_in_minecraft/,TRUE,60,
collect every item ,“200 things to build or do in minecraft!” by u/KamikazeSenpai21,https://www.reddit.com/r/Minecraft/comments/tc2qgg/200_things_to_build_or_do_in_minecraft/,TRUE,60,
make a zoo with every mob ,“200 things to build or do in minecraft!” by u/KamikazeSenpai21,https://www.reddit.com/r/Minecraft/comments/tc2qgg/200_things_to_build_or_do_in_minecraft/,TRUE,60,
"save important items, like music discs, your first wood pick, your first diamond, etc. ",“200 things to build or do in minecraft!” by u/KamikazeSenpai21,https://www.reddit.com/r/Minecraft/comments/tc2qgg/200_things_to_build_or_do_in_minecraft/,TRUE,60,
get fully enchanted wooden tools! ,“200 things to build or do in minecraft!” by u/KamikazeSenpai21,https://www.reddit.com/r/Minecraft/comments/tc2qgg/200_things_to_build_or_do_in_minecraft/,TRUE,60,
try finding structures (even though the vanilla ones are crap ,“200 things to build or do in minecraft!” by u/KamikazeSenpai21,https://www.reddit.com/r/Minecraft/comments/tc2qgg/200_things_to_build_or_do_in_minecraft/,FALSE,60,
"build yourself a dangerous dungeon around a mob spawner, and try fighting it sometimes. Add mazes, fall traps, arrow traps, and make it huge ",“200 things to build or do in minecraft!” by u/KamikazeSenpai21,https://www.reddit.com/r/Minecraft/comments/tc2qgg/200_things_to_build_or_do_in_minecraft/,TRUE,60,
"take a pre existing structure like a mineshaft or a desert temple, and transform it to be quite pretty ",“200 things to build or do in minecraft!” by u/KamikazeSenpai21,https://www.reddit.com/r/Minecraft/comments/tc2qgg/200_things_to_build_or_do_in_minecraft/,TRUE,60,
make a rollercoaster ,“200 things to build or do in minecraft!” by u/KamikazeSenpai21,https://www.reddit.com/r/Minecraft/comments/tc2qgg/200_things_to_build_or_do_in_minecraft/,TRUE,60,
"make a museum with important stuff, rare items, or maybe make a 'history of minecraft's exhibit with old looking rooms ",“200 things to build or do in minecraft!” by u/KamikazeSenpai21,https://www.reddit.com/r/Minecraft/comments/tc2qgg/200_things_to_build_or_do_in_minecraft/,TRUE,60,
"for java players - try playing the oldest version of minecraft Alpha, and every 7 ingame days, upgrade to the next, until beta, and then eventually, you reach release 1.18.2 ",“200 things to build or do in minecraft!” by u/KamikazeSenpai21,https://www.reddit.com/r/Minecraft/comments/tc2qgg/200_things_to_build_or_do_in_minecraft/,FALSE,60,
try the Pixelmon mod it's really sick ,“200 things to build or do in minecraft!” by u/KamikazeSenpai21,https://www.reddit.com/r/Minecraft/comments/tc2qgg/200_things_to_build_or_do_in_minecraft/,FALSE,60,
"try recreating og builds such as the village houses pre 1.14, or maybe things like Dantdm's lab or Popularmmos Stadium ",“200 things to build or do in minecraft!” by u/KamikazeSenpai21,https://www.reddit.com/r/Minecraft/comments/tc2qgg/200_things_to_build_or_do_in_minecraft/,TRUE,60,
clean up those crafting tables cluttering your world ,“200 things to build or do in minecraft!” by u/KamikazeSenpai21,https://www.reddit.com/r/Minecraft/comments/tc2qgg/200_things_to_build_or_do_in_minecraft/,FALSE,60,
"make a cobblestone or dirt dumb, where you can put cobble or dirt in a chest in your housez and it will be filtered to a chest somewhere else ",“200 things to build or do in minecraft!” by u/KamikazeSenpai21,https://www.reddit.com/r/Minecraft/comments/tc2qgg/200_things_to_build_or_do_in_minecraft/,TRUE,60,
build a gravesite for all your pets that die. Or maybe the times you have died. ,“200 things to build or do in minecraft!” by u/KamikazeSenpai21,https://www.reddit.com/r/Minecraft/comments/tc2qgg/200_things_to_build_or_do_in_minecraft/,TRUE,60,
build a pantry. Use campfires that are extinguished while meat is cooking as shelves ,“200 things to build or do in minecraft!” by u/KamikazeSenpai21,https://www.reddit.com/r/Minecraft/comments/tc2qgg/200_things_to_build_or_do_in_minecraft/,TRUE,60,
build an ice cave for snow golems ,“200 things to build or do in minecraft!” by u/KamikazeSenpai21,https://www.reddit.com/r/Minecraft/comments/tc2qgg/200_things_to_build_or_do_in_minecraft/,TRUE,60,
build a bee greenhouse ,“200 things to build or do in minecraft!” by u/KamikazeSenpai21,https://www.reddit.com/r/Minecraft/comments/tc2qgg/200_things_to_build_or_do_in_minecraft/,TRUE,60,
build a flower garden indoors ,“200 things to build or do in minecraft!” by u/KamikazeSenpai21,https://www.reddit.com/r/Minecraft/comments/tc2qgg/200_things_to_build_or_do_in_minecraft/,TRUE,60,
build a lush room in your house to relax in ,“200 things to build or do in minecraft!” by u/KamikazeSenpai21,https://www.reddit.com/r/Minecraft/comments/tc2qgg/200_things_to_build_or_do_in_minecraft/,TRUE,60,
build a deepslate crypt under your base ,“200 things to build or do in minecraft!” by u/KamikazeSenpai21,https://www.reddit.com/r/Minecraft/comments/tc2qgg/200_things_to_build_or_do_in_minecraft/,TRUE,60,
"dont build huge monolithic megabases. Instead, just keep expanding your starter house until you have something epic. ",“200 things to build or do in minecraft!” by u/KamikazeSenpai21,https://www.reddit.com/r/Minecraft/comments/tc2qgg/200_things_to_build_or_do_in_minecraft/,TRUE,60,
"try building something in a different style, such as suburban, modern, fantasy, cutesy, overgrown, cottagecore, skyscraper, Victorian, ancient, futuristic. ",“200 things to build or do in minecraft!” by u/KamikazeSenpai21,https://www.reddit.com/r/Minecraft/comments/tc2qgg/200_things_to_build_or_do_in_minecraft/,TRUE,60,
build pixel art ,“200 things to build or do in minecraft!” by u/KamikazeSenpai21,https://www.reddit.com/r/Minecraft/comments/tc2qgg/200_things_to_build_or_do_in_minecraft/,TRUE,60,
yeah you can use elytra but try building pathways and rails to travel on for fun ,“200 things to build or do in minecraft!” by u/KamikazeSenpai21,https://www.reddit.com/r/Minecraft/comments/tc2qgg/200_things_to_build_or_do_in_minecraft/,FALSE,60,
dont put too many auto farms. ,“200 things to build or do in minecraft!” by u/KamikazeSenpai21,https://www.reddit.com/r/Minecraft/comments/tc2qgg/200_things_to_build_or_do_in_minecraft/,FALSE,60,
build a loom room to store your banners ,“200 things to build or do in minecraft!” by u/KamikazeSenpai21,https://www.reddit.com/r/Minecraft/comments/tc2qgg/200_things_to_build_or_do_in_minecraft/,TRUE,60,
"raid a structure, and put all your finds on one if the shelves. ",“200 things to build or do in minecraft!” by u/KamikazeSenpai21,https://www.reddit.com/r/Minecraft/comments/tc2qgg/200_things_to_build_or_do_in_minecraft/,TRUE,60,
build a horse stables ,“200 things to build or do in minecraft!” by u/KamikazeSenpai21,https://www.reddit.com/r/Minecraft/comments/tc2qgg/200_things_to_build_or_do_in_minecraft/,TRUE,60,
build a horse track to test their speed and jump. ,“200 things to build or do in minecraft!” by u/KamikazeSenpai21,https://www.reddit.com/r/Minecraft/comments/tc2qgg/200_things_to_build_or_do_in_minecraft/,TRUE,60,
get the ultimate horse ,“200 things to build or do in minecraft!” by u/KamikazeSenpai21,https://www.reddit.com/r/Minecraft/comments/tc2qgg/200_things_to_build_or_do_in_minecraft/,TRUE,60,
tame dogs and bring them with you ,“200 things to build or do in minecraft!” by u/KamikazeSenpai21,https://www.reddit.com/r/Minecraft/comments/tc2qgg/200_things_to_build_or_do_in_minecraft/,FALSE,60,
"actually, in general, bring tamed mobs with you instead of keeping them at your house. Sure they can die but that adds more lore to your world. I remember one time I brought a dog army with me in a journey. All of them died except 2 because if a raid. But those 2 were enough to rebuild the pack. ",“200 things to build or do in minecraft!” by u/KamikazeSenpai21,https://www.reddit.com/r/Minecraft/comments/tc2qgg/200_things_to_build_or_do_in_minecraft/,TRUE,60,
try to collect every achievement ,“200 things to build or do in minecraft!” by u/KamikazeSenpai21,https://www.reddit.com/r/Minecraft/comments/tc2qgg/200_things_to_build_or_do_in_minecraft/,TRUE,60,
make outposts in biones you might visit ,“200 things to build or do in minecraft!” by u/KamikazeSenpai21,https://www.reddit.com/r/Minecraft/comments/tc2qgg/200_things_to_build_or_do_in_minecraft/,TRUE,60,
build a cave house ,“200 things to build or do in minecraft!” by u/KamikazeSenpai21,https://www.reddit.com/r/Minecraft/comments/tc2qgg/200_things_to_build_or_do_in_minecraft/,TRUE,60,
build a military base with aliens ,“200 things to build or do in minecraft!” by u/KamikazeSenpai21,https://www.reddit.com/r/Minecraft/comments/tc2qgg/200_things_to_build_or_do_in_minecraft/,TRUE,60,
"build many secret tunnels, rooms, shoetcuts. ",“200 things to build or do in minecraft!” by u/KamikazeSenpai21,https://www.reddit.com/r/Minecraft/comments/tc2qgg/200_things_to_build_or_do_in_minecraft/,TRUE,60,
build an underground wine cellar but keep it dark so mobs will spawn ,“200 things to build or do in minecraft!” by u/KamikazeSenpai21,https://www.reddit.com/r/Minecraft/comments/tc2qgg/200_things_to_build_or_do_in_minecraft/,TRUE,60,
try to make a bunker with enough farns and storage that you could stay in there and never need to leave ,“200 things to build or do in minecraft!” by u/KamikazeSenpai21,https://www.reddit.com/r/Minecraft/comments/tc2qgg/200_things_to_build_or_do_in_minecraft/,TRUE,60,
recreate the sky block challenge by putting a skyblock over a large lava pond. ,“200 things to build or do in minecraft!” by u/KamikazeSenpai21,https://www.reddit.com/r/Minecraft/comments/tc2qgg/200_things_to_build_or_do_in_minecraft/,TRUE,60,
or just do the skyblock kn a skyblock map you download ,“200 things to build or do in minecraft!” by u/KamikazeSenpai21,https://www.reddit.com/r/Minecraft/comments/tc2qgg/200_things_to_build_or_do_in_minecraft/,TRUE,60,
custom tree,“200 things to build or do in minecraft!” by u/KamikazeSenpai21,https://www.reddit.com/r/Minecraft/comments/tc2qgg/200_things_to_build_or_do_in_minecraft/,FALSE,60,
build a lab to do experiments and make it immersive and fun ,“200 things to build or do in minecraft!” by u/KamikazeSenpai21,https://www.reddit.com/r/Minecraft/comments/tc2qgg/200_things_to_build_or_do_in_minecraft/,TRUE,60,
build a ruined nether reactor ,“200 things to build or do in minecraft!” by u/KamikazeSenpai21,https://www.reddit.com/r/Minecraft/comments/tc2qgg/200_things_to_build_or_do_in_minecraft/,TRUE,60,
build the house you live in ,“200 things to build or do in minecraft!” by u/KamikazeSenpai21,https://www.reddit.com/r/Minecraft/comments/tc2qgg/200_things_to_build_or_do_in_minecraft/,TRUE,60,
build a gigantic church ,“200 things to build or do in minecraft!” by u/KamikazeSenpai21,https://www.reddit.com/r/Minecraft/comments/tc2qgg/200_things_to_build_or_do_in_minecraft/,TRUE,60,
build a torture chamber ,“200 things to build or do in minecraft!” by u/KamikazeSenpai21,https://www.reddit.com/r/Minecraft/comments/tc2qgg/200_things_to_build_or_do_in_minecraft/,TRUE,60,
build a calculator ,“200 things to build or do in minecraft!” by u/KamikazeSenpai21,https://www.reddit.com/r/Minecraft/comments/tc2qgg/200_things_to_build_or_do_in_minecraft/,TRUE,60,
build the millennium falcon from star wars ,“200 things to build or do in minecraft!” by u/KamikazeSenpai21,https://www.reddit.com/r/Minecraft/comments/tc2qgg/200_things_to_build_or_do_in_minecraft/,TRUE,60,
build the star Destroyer from star wars ,“200 things to build or do in minecraft!” by u/KamikazeSenpai21,https://www.reddit.com/r/Minecraft/comments/tc2qgg/200_things_to_build_or_do_in_minecraft/,TRUE,60,
"build the jedi temole from star wars, put villagers, and start a raid ",“200 things to build or do in minecraft!” by u/KamikazeSenpai21,https://www.reddit.com/r/Minecraft/comments/tc2qgg/200_things_to_build_or_do_in_minecraft/,TRUE,60,
build an entire pokemon reigon 1 to 1 ,“200 things to build or do in minecraft!” by u/KamikazeSenpai21,https://www.reddit.com/r/Minecraft/comments/tc2qgg/200_things_to_build_or_do_in_minecraft/,TRUE,60,
build a cat room for your cute kittens! ,“200 things to build or do in minecraft!” by u/KamikazeSenpai21,https://www.reddit.com/r/Minecraft/comments/tc2qgg/200_things_to_build_or_do_in_minecraft/,TRUE,60,
build a nice bedroom ,“200 things to build or do in minecraft!” by u/KamikazeSenpai21,https://www.reddit.com/r/Minecraft/comments/tc2qgg/200_things_to_build_or_do_in_minecraft/,TRUE,60,
build a temple or shrine ,“200 things to build or do in minecraft!” by u/KamikazeSenpai21,https://www.reddit.com/r/Minecraft/comments/tc2qgg/200_things_to_build_or_do_in_minecraft/,TRUE,60,
build a tavern bar ,“200 things to build or do in minecraft!” by u/KamikazeSenpai21,https://www.reddit.com/r/Minecraft/comments/tc2qgg/200_things_to_build_or_do_in_minecraft/,TRUE,60,
build a pirate cove ,“200 things to build or do in minecraft!” by u/KamikazeSenpai21,https://www.reddit.com/r/Minecraft/comments/tc2qgg/200_things_to_build_or_do_in_minecraft/,TRUE,60,
build a yacht ,“200 things to build or do in minecraft!” by u/KamikazeSenpai21,https://www.reddit.com/r/Minecraft/comments/tc2qgg/200_things_to_build_or_do_in_minecraft/,TRUE,60,
build a cruise ship. ,“200 things to build or do in minecraft!” by u/KamikazeSenpai21,https://www.reddit.com/r/Minecraft/comments/tc2qgg/200_things_to_build_or_do_in_minecraft/,TRUE,60,
build a fast food restaurant ,“200 things to build or do in minecraft!” by u/KamikazeSenpai21,https://www.reddit.com/r/Minecraft/comments/tc2qgg/200_things_to_build_or_do_in_minecraft/,TRUE,60,
build a fancy restaurant ,“200 things to build or do in minecraft!” by u/KamikazeSenpai21,https://www.reddit.com/r/Minecraft/comments/tc2qgg/200_things_to_build_or_do_in_minecraft/,TRUE,60,
learn to terraform ,“200 things to build or do in minecraft!” by u/KamikazeSenpai21,https://www.reddit.com/r/Minecraft/comments/tc2qgg/200_things_to_build_or_do_in_minecraft/,TRUE,60,
build a mountain ,“200 things to build or do in minecraft!” by u/KamikazeSenpai21,https://www.reddit.com/r/Minecraft/comments/tc2qgg/200_things_to_build_or_do_in_minecraft/,TRUE,60,
build a hospital ,“200 things to build or do in minecraft!” by u/KamikazeSenpai21,https://www.reddit.com/r/Minecraft/comments/tc2qgg/200_things_to_build_or_do_in_minecraft/,TRUE,60,
build a shopping market ,“200 things to build or do in minecraft!” by u/KamikazeSenpai21,https://www.reddit.com/r/Minecraft/comments/tc2qgg/200_things_to_build_or_do_in_minecraft/,TRUE,60,
build stores for stuff (even in singlepkaye) ,“200 things to build or do in minecraft!” by u/KamikazeSenpai21,https://www.reddit.com/r/Minecraft/comments/tc2qgg/200_things_to_build_or_do_in_minecraft/,TRUE,60,
build farms in your house ,“200 things to build or do in minecraft!” by u/KamikazeSenpai21,https://www.reddit.com/r/Minecraft/comments/tc2qgg/200_things_to_build_or_do_in_minecraft/,TRUE,60,
make a box store ,“200 things to build or do in minecraft!” by u/KamikazeSenpai21,https://www.reddit.com/r/Minecraft/comments/tc2qgg/200_things_to_build_or_do_in_minecraft/,TRUE,60,
make an airport ,“200 things to build or do in minecraft!” by u/KamikazeSenpai21,https://www.reddit.com/r/Minecraft/comments/tc2qgg/200_things_to_build_or_do_in_minecraft/,TRUE,60,
make a cottage ,“200 things to build or do in minecraft!” by u/KamikazeSenpai21,https://www.reddit.com/r/Minecraft/comments/tc2qgg/200_things_to_build_or_do_in_minecraft/,TRUE,60,
make a Arabian castle palace ,“200 things to build or do in minecraft!” by u/KamikazeSenpai21,https://www.reddit.com/r/Minecraft/comments/tc2qgg/200_things_to_build_or_do_in_minecraft/,TRUE,60,
make an ice castle ,“200 things to build or do in minecraft!” by u/KamikazeSenpai21,https://www.reddit.com/r/Minecraft/comments/tc2qgg/200_things_to_build_or_do_in_minecraft/,TRUE,60,
make a iron golem sanctuary ,“200 things to build or do in minecraft!” by u/KamikazeSenpai21,https://www.reddit.com/r/Minecraft/comments/tc2qgg/200_things_to_build_or_do_in_minecraft/,TRUE,60,
build a mountain bike ,“200 things to build or do in minecraft!” by u/KamikazeSenpai21,https://www.reddit.com/r/Minecraft/comments/tc2qgg/200_things_to_build_or_do_in_minecraft/,TRUE,60,
build a zipline or ski hill ,“200 things to build or do in minecraft!” by u/KamikazeSenpai21,https://www.reddit.com/r/Minecraft/comments/tc2qgg/200_things_to_build_or_do_in_minecraft/,TRUE,60,
build a grand field of crops ,“200 things to build or do in minecraft!” by u/KamikazeSenpai21,https://www.reddit.com/r/Minecraft/comments/tc2qgg/200_things_to_build_or_do_in_minecraft/,TRUE,60,
build a potato farm or a huge helicopter ,“200 things to build or do in minecraft!” by u/KamikazeSenpai21,https://www.reddit.com/r/Minecraft/comments/tc2qgg/200_things_to_build_or_do_in_minecraft/,TRUE,60,
build a pagoda ,“200 things to build or do in minecraft!” by u/KamikazeSenpai21,https://www.reddit.com/r/Minecraft/comments/tc2qgg/200_things_to_build_or_do_in_minecraft/,TRUE,60,
build a japanese shrine ⛩ ,“200 things to build or do in minecraft!” by u/KamikazeSenpai21,https://www.reddit.com/r/Minecraft/comments/tc2qgg/200_things_to_build_or_do_in_minecraft/,TRUE,60,
build a bookstore ,“200 things to build or do in minecraft!” by u/KamikazeSenpai21,https://www.reddit.com/r/Minecraft/comments/tc2qgg/200_things_to_build_or_do_in_minecraft/,TRUE,60,
build a library to store enchanted books or books and quill ,“200 things to build or do in minecraft!” by u/KamikazeSenpai21,https://www.reddit.com/r/Minecraft/comments/tc2qgg/200_things_to_build_or_do_in_minecraft/,TRUE,60,
build a guardian farm ,“200 things to build or do in minecraft!” by u/KamikazeSenpai21,https://www.reddit.com/r/Minecraft/comments/tc2qgg/200_things_to_build_or_do_in_minecraft/,TRUE,60,
build a shulker box parkour arena ,“200 things to build or do in minecraft!” by u/KamikazeSenpai21,https://www.reddit.com/r/Minecraft/comments/tc2qgg/200_things_to_build_or_do_in_minecraft/,TRUE,60,
build a mob arena ,“200 things to build or do in minecraft!” by u/KamikazeSenpai21,https://www.reddit.com/r/Minecraft/comments/tc2qgg/200_things_to_build_or_do_in_minecraft/,TRUE,60,
build a huge sign ,“200 things to build or do in minecraft!” by u/KamikazeSenpai21,https://www.reddit.com/r/Minecraft/comments/tc2qgg/200_things_to_build_or_do_in_minecraft/,TRUE,60,
build a mushroom island outpost ,“200 things to build or do in minecraft!” by u/KamikazeSenpai21,https://www.reddit.com/r/Minecraft/comments/tc2qgg/200_things_to_build_or_do_in_minecraft/,TRUE,60,
build a working calculator ,“200 things to build or do in minecraft!” by u/KamikazeSenpai21,https://www.reddit.com/r/Minecraft/comments/tc2qgg/200_things_to_build_or_do_in_minecraft/,TRUE,60,
build roads ,“200 things to build or do in minecraft!” by u/KamikazeSenpai21,https://www.reddit.com/r/Minecraft/comments/tc2qgg/200_things_to_build_or_do_in_minecraft/,TRUE,60,
build a laundromat ,“200 things to build or do in minecraft!” by u/KamikazeSenpai21,https://www.reddit.com/r/Minecraft/comments/tc2qgg/200_things_to_build_or_do_in_minecraft/,TRUE,60,
build a hibachi restaurant ,“200 things to build or do in minecraft!” by u/KamikazeSenpai21,https://www.reddit.com/r/Minecraft/comments/tc2qgg/200_things_to_build_or_do_in_minecraft/,TRUE,60,
build a flying machine cane farm ,“200 things to build or do in minecraft!” by u/KamikazeSenpai21,https://www.reddit.com/r/Minecraft/comments/tc2qgg/200_things_to_build_or_do_in_minecraft/,TRUE,60,
build a bomb store ,“200 things to build or do in minecraft!” by u/KamikazeSenpai21,https://www.reddit.com/r/Minecraft/comments/tc2qgg/200_things_to_build_or_do_in_minecraft/,TRUE,60,
collect all the music discs ,“200 things to build or do in minecraft!” by u/KamikazeSenpai21,https://www.reddit.com/r/Minecraft/comments/tc2qgg/200_things_to_build_or_do_in_minecraft/,TRUE,60,
build a nether house ,“200 things to build or do in minecraft!” by u/KamikazeSenpai21,https://www.reddit.com/r/Minecraft/comments/tc2qgg/200_things_to_build_or_do_in_minecraft/,TRUE,60,
build an ore refinery ,“200 things to build or do in minecraft!” by u/KamikazeSenpai21,https://www.reddit.com/r/Minecraft/comments/tc2qgg/200_things_to_build_or_do_in_minecraft/,TRUE,60,
build a netherite mine ,“200 things to build or do in minecraft!” by u/KamikazeSenpai21,https://www.reddit.com/r/Minecraft/comments/tc2qgg/200_things_to_build_or_do_in_minecraft/,TRUE,60,
build a crane (construction) ,“200 things to build or do in minecraft!” by u/KamikazeSenpai21,https://www.reddit.com/r/Minecraft/comments/tc2qgg/200_things_to_build_or_do_in_minecraft/,TRUE,60,
build a crane (bird) ,“200 things to build or do in minecraft!” by u/KamikazeSenpai21,https://www.reddit.com/r/Minecraft/comments/tc2qgg/200_things_to_build_or_do_in_minecraft/,TRUE,60,
build a house stilted off the ground ,“200 things to build or do in minecraft!” by u/KamikazeSenpai21,https://www.reddit.com/r/Minecraft/comments/tc2qgg/200_things_to_build_or_do_in_minecraft/,TRUE,60,
connect every build in your world somewhat ,“200 things to build or do in minecraft!” by u/KamikazeSenpai21,https://www.reddit.com/r/Minecraft/comments/tc2qgg/200_things_to_build_or_do_in_minecraft/,TRUE,60,
build a theme park or amusement park ,“200 things to build or do in minecraft!” by u/KamikazeSenpai21,https://www.reddit.com/r/Minecraft/comments/tc2qgg/200_things_to_build_or_do_in_minecraft/,TRUE,60,
build a subway (transportation) ,“200 things to build or do in minecraft!” by u/KamikazeSenpai21,https://www.reddit.com/r/Minecraft/comments/tc2qgg/200_things_to_build_or_do_in_minecraft/,TRUE,60,
build a periodic table ,“200 things to build or do in minecraft!” by u/KamikazeSenpai21,https://www.reddit.com/r/Minecraft/comments/tc2qgg/200_things_to_build_or_do_in_minecraft/,TRUE,60,
build a chemistry lab ,“200 things to build or do in minecraft!” by u/KamikazeSenpai21,https://www.reddit.com/r/Minecraft/comments/tc2qgg/200_things_to_build_or_do_in_minecraft/,TRUE,60,
build a potion brewery ,“200 things to build or do in minecraft!” by u/KamikazeSenpai21,https://www.reddit.com/r/Minecraft/comments/tc2qgg/200_things_to_build_or_do_in_minecraft/,TRUE,60,
build a NetherWart farm ,“200 things to build or do in minecraft!” by u/KamikazeSenpai21,https://www.reddit.com/r/Minecraft/comments/tc2qgg/200_things_to_build_or_do_in_minecraft/,TRUE,60,
build a berry grove ,“200 things to build or do in minecraft!” by u/KamikazeSenpai21,https://www.reddit.com/r/Minecraft/comments/tc2qgg/200_things_to_build_or_do_in_minecraft/,TRUE,60,
build a winery ,“200 things to build or do in minecraft!” by u/KamikazeSenpai21,https://www.reddit.com/r/Minecraft/comments/tc2qgg/200_things_to_build_or_do_in_minecraft/,TRUE,60,
build a subway (restaurant) ,“200 things to build or do in minecraft!” by u/KamikazeSenpai21,https://www.reddit.com/r/Minecraft/comments/tc2qgg/200_things_to_build_or_do_in_minecraft/,TRUE,60,
125; build a school ,“200 things to build or do in minecraft!” by u/KamikazeSenpai21,https://www.reddit.com/r/Minecraft/comments/tc2qgg/200_things_to_build_or_do_in_minecraft/,TRUE,60,
build a college campus ,“200 things to build or do in minecraft!” by u/KamikazeSenpai21,https://www.reddit.com/r/Minecraft/comments/tc2qgg/200_things_to_build_or_do_in_minecraft/,TRUE,60,
build an apartment complex for vilagers ,“200 things to build or do in minecraft!” by u/KamikazeSenpai21,https://www.reddit.com/r/Minecraft/comments/tc2qgg/200_things_to_build_or_do_in_minecraft/,TRUE,60,
build a giant animal ,“200 things to build or do in minecraft!” by u/KamikazeSenpai21,https://www.reddit.com/r/Minecraft/comments/tc2qgg/200_things_to_build_or_do_in_minecraft/,TRUE,60,
build a wacky shaped house ,“200 things to build or do in minecraft!” by u/KamikazeSenpai21,https://www.reddit.com/r/Minecraft/comments/tc2qgg/200_things_to_build_or_do_in_minecraft/,TRUE,60,
build a flag store ,“200 things to build or do in minecraft!” by u/KamikazeSenpai21,https://www.reddit.com/r/Minecraft/comments/tc2qgg/200_things_to_build_or_do_in_minecraft/,TRUE,60,
build a mob switch ,“200 things to build or do in minecraft!” by u/KamikazeSenpai21,https://www.reddit.com/r/Minecraft/comments/tc2qgg/200_things_to_build_or_do_in_minecraft/,TRUE,60,
build a wizard tower ,“200 things to build or do in minecraft!” by u/KamikazeSenpai21,https://www.reddit.com/r/Minecraft/comments/tc2qgg/200_things_to_build_or_do_in_minecraft/,TRUE,60,
build a sakura tree ,“200 things to build or do in minecraft!” by u/KamikazeSenpai21,https://www.reddit.com/r/Minecraft/comments/tc2qgg/200_things_to_build_or_do_in_minecraft/,TRUE,60,
build a fish aquarium ,“200 things to build or do in minecraft!” by u/KamikazeSenpai21,https://www.reddit.com/r/Minecraft/comments/tc2qgg/200_things_to_build_or_do_in_minecraft/,TRUE,60,
build a Campsite with tents ,“200 things to build or do in minecraft!” by u/KamikazeSenpai21,https://www.reddit.com/r/Minecraft/comments/tc2qgg/200_things_to_build_or_do_in_minecraft/,TRUE,60,
build a viking ship ,“200 things to build or do in minecraft!” by u/KamikazeSenpai21,https://www.reddit.com/r/Minecraft/comments/tc2qgg/200_things_to_build_or_do_in_minecraft/,TRUE,60,
build a death zone for wandering traders ,“200 things to build or do in minecraft!” by u/KamikazeSenpai21,https://www.reddit.com/r/Minecraft/comments/tc2qgg/200_things_to_build_or_do_in_minecraft/,TRUE,60,
build an armor equipping station for the nether with gold armor ,“200 things to build or do in minecraft!” by u/KamikazeSenpai21,https://www.reddit.com/r/Minecraft/comments/tc2qgg/200_things_to_build_or_do_in_minecraft/,TRUE,60,
come up with custom advancements; complete them ,“200 things to build or do in minecraft!” by u/KamikazeSenpai21,https://www.reddit.com/r/Minecraft/comments/tc2qgg/200_things_to_build_or_do_in_minecraft/,TRUE,60,
build an area at world spawn with resources you'll need in case your bed gets broke ,“200 things to build or do in minecraft!” by u/KamikazeSenpai21,https://www.reddit.com/r/Minecraft/comments/tc2qgg/200_things_to_build_or_do_in_minecraft/,TRUE,60,
try modded minecraft ,“200 things to build or do in minecraft!” by u/KamikazeSenpai21,https://www.reddit.com/r/Minecraft/comments/tc2qgg/200_things_to_build_or_do_in_minecraft/,TRUE,60,
try modded skyblock like skyfactory 4 ,“200 things to build or do in minecraft!” by u/KamikazeSenpai21,https://www.reddit.com/r/Minecraft/comments/tc2qgg/200_things_to_build_or_do_in_minecraft/,TRUE,60,
try a server for pvp ,“200 things to build or do in minecraft!” by u/KamikazeSenpai21,https://www.reddit.com/r/Minecraft/comments/tc2qgg/200_things_to_build_or_do_in_minecraft/,TRUE,60,
try minigame servers ,“200 things to build or do in minecraft!” by u/KamikazeSenpai21,https://www.reddit.com/r/Minecraft/comments/tc2qgg/200_things_to_build_or_do_in_minecraft/,TRUE,60,
build yourself a car ,“200 things to build or do in minecraft!” by u/KamikazeSenpai21,https://www.reddit.com/r/Minecraft/comments/tc2qgg/200_things_to_build_or_do_in_minecraft/,TRUE,60,
build a christmas tree in your house on christmas ,“200 things to build or do in minecraft!” by u/KamikazeSenpai21,https://www.reddit.com/r/Minecraft/comments/tc2qgg/200_things_to_build_or_do_in_minecraft/,TRUE,60,
build some halloween decorations in your world around halloween ,“200 things to build or do in minecraft!” by u/KamikazeSenpai21,https://www.reddit.com/r/Minecraft/comments/tc2qgg/200_things_to_build_or_do_in_minecraft/,TRUE,60,
put turtle eggs as Easter eggs on Easter ,“200 things to build or do in minecraft!” by u/KamikazeSenpai21,https://www.reddit.com/r/Minecraft/comments/tc2qgg/200_things_to_build_or_do_in_minecraft/,TRUE,60,
build an attic and put holiday decorations inside the attic outside said holiday ,“200 things to build or do in minecraft!” by u/KamikazeSenpai21,https://www.reddit.com/r/Minecraft/comments/tc2qgg/200_things_to_build_or_do_in_minecraft/,TRUE,60,
build a cramped crawlspace under your closet ,“200 things to build or do in minecraft!” by u/KamikazeSenpai21,https://www.reddit.com/r/Minecraft/comments/tc2qgg/200_things_to_build_or_do_in_minecraft/,TRUE,60,
build closets ,“200 things to build or do in minecraft!” by u/KamikazeSenpai21,https://www.reddit.com/r/Minecraft/comments/tc2qgg/200_things_to_build_or_do_in_minecraft/,TRUE,60,
build an armory with all your tools weapons and armor ,“200 things to build or do in minecraft!” by u/KamikazeSenpai21,https://www.reddit.com/r/Minecraft/comments/tc2qgg/200_things_to_build_or_do_in_minecraft/,TRUE,60,
build a ranch and make a farmhouse ,“200 things to build or do in minecraft!” by u/KamikazeSenpai21,https://www.reddit.com/r/Minecraft/comments/tc2qgg/200_things_to_build_or_do_in_minecraft/,TRUE,60,
build a ruined cathedral ,“200 things to build or do in minecraft!” by u/KamikazeSenpai21,https://www.reddit.com/r/Minecraft/comments/tc2qgg/200_things_to_build_or_do_in_minecraft/,TRUE,60,
build a train hub for you rails ,“200 things to build or do in minecraft!” by u/KamikazeSenpai21,https://www.reddit.com/r/Minecraft/comments/tc2qgg/200_things_to_build_or_do_in_minecraft/,TRUE,60,
build a realistic mine or quarry ,“200 things to build or do in minecraft!” by u/KamikazeSenpai21,https://www.reddit.com/r/Minecraft/comments/tc2qgg/200_things_to_build_or_do_in_minecraft/,TRUE,60,
build a storage room with every type of thing ,“200 things to build or do in minecraft!” by u/KamikazeSenpai21,https://www.reddit.com/r/Minecraft/comments/tc2qgg/200_things_to_build_or_do_in_minecraft/,TRUE,60,
build a memorial for features that are removed ,“200 things to build or do in minecraft!” by u/KamikazeSenpai21,https://www.reddit.com/r/Minecraft/comments/tc2qgg/200_things_to_build_or_do_in_minecraft/,TRUE,60,
"with 1.19 soon, try to capture a warden and keep it ",“200 things to build or do in minecraft!” by u/KamikazeSenpai21,https://www.reddit.com/r/Minecraft/comments/tc2qgg/200_things_to_build_or_do_in_minecraft/,TRUE,60,
build a grand space station for your space trip ,“200 things to build or do in minecraft!” by u/KamikazeSenpai21,https://www.reddit.com/r/Minecraft/comments/tc2qgg/200_things_to_build_or_do_in_minecraft/,TRUE,60,
make a weed farm lol ferns/largeferns ,“200 things to build or do in minecraft!” by u/KamikazeSenpai21,https://www.reddit.com/r/Minecraft/comments/tc2qgg/200_things_to_build_or_do_in_minecraft/,TRUE,60,
rose bushes look like Tomatos so make a tomato farm ,“200 things to build or do in minecraft!” by u/KamikazeSenpai21,https://www.reddit.com/r/Minecraft/comments/tc2qgg/200_things_to_build_or_do_in_minecraft/,TRUE,60,
build a military base ,“200 things to build or do in minecraft!” by u/KamikazeSenpai21,https://www.reddit.com/r/Minecraft/comments/tc2qgg/200_things_to_build_or_do_in_minecraft/,TRUE,60,
build a donkey house ,“200 things to build or do in minecraft!” by u/KamikazeSenpai21,https://www.reddit.com/r/Minecraft/comments/tc2qgg/200_things_to_build_or_do_in_minecraft/,TRUE,60,
build an outhouse with a secret passage to a sewer or bunker ,“200 things to build or do in minecraft!” by u/KamikazeSenpai21,https://www.reddit.com/r/Minecraft/comments/tc2qgg/200_things_to_build_or_do_in_minecraft/,TRUE,60,
add age and greenery to your base kvertine ,“200 things to build or do in minecraft!” by u/KamikazeSenpai21,https://www.reddit.com/r/Minecraft/comments/tc2qgg/200_things_to_build_or_do_in_minecraft/,TRUE,60,
"if a creeper blows up in your house, repair it with a different block, like trapdoors instead if planks or concrete poweder instead of terracotta or concrete ",“200 things to build or do in minecraft!” by u/KamikazeSenpai21,https://www.reddit.com/r/Minecraft/comments/tc2qgg/200_things_to_build_or_do_in_minecraft/,TRUE,60,
build a trident launch for your riptide trident ,“200 things to build or do in minecraft!” by u/KamikazeSenpai21,https://www.reddit.com/r/Minecraft/comments/tc2qgg/200_things_to_build_or_do_in_minecraft/,TRUE,60,
build a villager breeder ,“200 things to build or do in minecraft!” by u/KamikazeSenpai21,https://www.reddit.com/r/Minecraft/comments/tc2qgg/200_things_to_build_or_do_in_minecraft/,TRUE,60,
"instead of making a trading hall, make a safe village for all your villagers ",“200 things to build or do in minecraft!” by u/KamikazeSenpai21,https://www.reddit.com/r/Minecraft/comments/tc2qgg/200_things_to_build_or_do_in_minecraft/,TRUE,60,
"make areas that look like your outside a building, inside your house ",“200 things to build or do in minecraft!” by u/KamikazeSenpai21,https://www.reddit.com/r/Minecraft/comments/tc2qgg/200_things_to_build_or_do_in_minecraft/,TRUE,60,
make a bathroom ,“200 things to build or do in minecraft!” by u/KamikazeSenpai21,https://www.reddit.com/r/Minecraft/comments/tc2qgg/200_things_to_build_or_do_in_minecraft/,TRUE,60,
make a swimming pool to relax in ,“200 things to build or do in minecraft!” by u/KamikazeSenpai21,https://www.reddit.com/r/Minecraft/comments/tc2qgg/200_things_to_build_or_do_in_minecraft/,TRUE,60,
make an item transport system using water and bubble elevators ,“200 things to build or do in minecraft!” by u/KamikazeSenpai21,https://www.reddit.com/r/Minecraft/comments/tc2qgg/200_things_to_build_or_do_in_minecraft/,TRUE,60,
make a pistons elevator ,“200 things to build or do in minecraft!” by u/KamikazeSenpai21,https://www.reddit.com/r/Minecraft/comments/tc2qgg/200_things_to_build_or_do_in_minecraft/,TRUE,60,
make a mini biome ,“200 things to build or do in minecraft!” by u/KamikazeSenpai21,https://www.reddit.com/r/Minecraft/comments/tc2qgg/200_things_to_build_or_do_in_minecraft/,TRUE,60,
make a custom biome ,“200 things to build or do in minecraft!” by u/KamikazeSenpai21,https://www.reddit.com/r/Minecraft/comments/tc2qgg/200_things_to_build_or_do_in_minecraft/,TRUE,60,
collect every sapling type ,“200 things to build or do in minecraft!” by u/KamikazeSenpai21,https://www.reddit.com/r/Minecraft/comments/tc2qgg/200_things_to_build_or_do_in_minecraft/,TRUE,60,
build a squid farm ,“200 things to build or do in minecraft!” by u/KamikazeSenpai21,https://www.reddit.com/r/Minecraft/comments/tc2qgg/200_things_to_build_or_do_in_minecraft/,TRUE,60,
build a giant nether portal ,“200 things to build or do in minecraft!” by u/KamikazeSenpai21,https://www.reddit.com/r/Minecraft/comments/tc2qgg/200_things_to_build_or_do_in_minecraft/,TRUE,60,
build a cow sheep and pig farm ,“200 things to build or do in minecraft!” by u/KamikazeSenpai21,https://www.reddit.com/r/Minecraft/comments/tc2qgg/200_things_to_build_or_do_in_minecraft/,TRUE,60,
build a slaughterhouse ,“200 things to build or do in minecraft!” by u/KamikazeSenpai21,https://www.reddit.com/r/Minecraft/comments/tc2qgg/200_things_to_build_or_do_in_minecraft/,TRUE,60,
build a beetroot farm!!!!! <--- DO THIS!!!!!!!!!!!! ,“200 things to build or do in minecraft!” by u/KamikazeSenpai21,https://www.reddit.com/r/Minecraft/comments/tc2qgg/200_things_to_build_or_do_in_minecraft/,TRUE,60,
try to make a good dirt house ,“200 things to build or do in minecraft!” by u/KamikazeSenpai21,https://www.reddit.com/r/Minecraft/comments/tc2qgg/200_things_to_build_or_do_in_minecraft/,TRUE,60,
build a giant flag ,“200 things to build or do in minecraft!” by u/KamikazeSenpai21,https://www.reddit.com/r/Minecraft/comments/tc2qgg/200_things_to_build_or_do_in_minecraft/,TRUE,60,
build a treehouse ,“200 things to build or do in minecraft!” by u/KamikazeSenpai21,https://www.reddit.com/r/Minecraft/comments/tc2qgg/200_things_to_build_or_do_in_minecraft/,TRUE,60,
build a glass underwater dome ,“200 things to build or do in minecraft!” by u/KamikazeSenpai21,https://www.reddit.com/r/Minecraft/comments/tc2qgg/200_things_to_build_or_do_in_minecraft/,TRUE,60,
build a park with playground ,“200 things to build or do in minecraft!” by u/KamikazeSenpai21,https://www.reddit.com/r/Minecraft/comments/tc2qgg/200_things_to_build_or_do_in_minecraft/,TRUE,60,
build a huge wild garden ,“200 things to build or do in minecraft!” by u/KamikazeSenpai21,https://www.reddit.com/r/Minecraft/comments/tc2qgg/200_things_to_build_or_do_in_minecraft/,TRUE,60,
build a botanical research garden ,“200 things to build or do in minecraft!” by u/KamikazeSenpai21,https://www.reddit.com/r/Minecraft/comments/tc2qgg/200_things_to_build_or_do_in_minecraft/,TRUE,60,
build a egyptian shrine ,“200 things to build or do in minecraft!” by u/KamikazeSenpai21,https://www.reddit.com/r/Minecraft/comments/tc2qgg/200_things_to_build_or_do_in_minecraft/,TRUE,60,
build in a biome you don't normally do like desert or jungle ,“200 things to build or do in minecraft!” by u/KamikazeSenpai21,https://www.reddit.com/r/Minecraft/comments/tc2qgg/200_things_to_build_or_do_in_minecraft/,TRUE,60,
tame a woodland mansion and live in it. Transform it ,“200 things to build or do in minecraft!” by u/KamikazeSenpai21,https://www.reddit.com/r/Minecraft/comments/tc2qgg/200_things_to_build_or_do_in_minecraft/,TRUE,60,
build a doorbell using a bell or note blocks ,“200 things to build or do in minecraft!” by u/KamikazeSenpai21,https://www.reddit.com/r/Minecraft/comments/tc2qgg/200_things_to_build_or_do_in_minecraft/,TRUE,60,
put torches under moss carpet to light up your base outside ,“200 things to build or do in minecraft!” by u/KamikazeSenpai21,https://www.reddit.com/r/Minecraft/comments/tc2qgg/200_things_to_build_or_do_in_minecraft/,TRUE,60,
build a meme using map art ,“200 things to build or do in minecraft!” by u/KamikazeSenpai21,https://www.reddit.com/r/Minecraft/comments/tc2qgg/200_things_to_build_or_do_in_minecraft/,TRUE,60,
"dont put mending on your tools. And when they are about to break repair them. When you can repair them no longer, hand them up on your wall and get new tools ",“200 things to build or do in minecraft!” by u/KamikazeSenpai21,https://www.reddit.com/r/Minecraft/comments/tc2qgg/200_things_to_build_or_do_in_minecraft/,TRUE,60,
build yourself an office ,“200 things to build or do in minecraft!” by u/KamikazeSenpai21,https://www.reddit.com/r/Minecraft/comments/tc2qgg/200_things_to_build_or_do_in_minecraft/,TRUE,60,
place 1 cake every ingame year or irl year in your world ,“200 things to build or do in minecraft!” by u/KamikazeSenpai21,https://www.reddit.com/r/Minecraft/comments/tc2qgg/200_things_to_build_or_do_in_minecraft/,TRUE,60,
Castle,"""35 things to build in Minecraft: Build ideas for 1.21.7"" by Ollie Toms on Rock Paper Shotgun (build details available through link)",https://www.rockpapershotgun.com/things-to-build-in-minecraft-building-ideas#castle,TRUE,200,
Modern Skyscraper,"""35 things to build in Minecraft: Build ideas for 1.21.7"" by Ollie Toms on Rock Paper Shotgun (build details available through link)",https://www.rockpapershotgun.com/things-to-build-in-minecraft-building-ideas#modernskyscraper,TRUE,200,
Floating Base,"""35 things to build in Minecraft: Build ideas for 1.21.7"" by Ollie Toms on Rock Paper Shotgun (build details available through link)",https://www.rockpapershotgun.com/things-to-build-in-minecraft-building-ideas#floatingbase,TRUE,200,
Bridge,"""35 things to build in Minecraft: Build ideas for 1.21.7"" by Ollie Toms on Rock Paper Shotgun (build details available through link)",https://www.rockpapershotgun.com/things-to-build-in-minecraft-building-ideas#bridge,TRUE,200,
Ship,"""35 things to build in Minecraft: Build ideas for 1.21.7"" by Ollie Toms on Rock Paper Shotgun (build details available through link)",https://www.rockpapershotgun.com/things-to-build-in-minecraft-building-ideas#ship,TRUE,200,
Lighthouse,"""35 things to build in Minecraft: Build ideas for 1.21.7"" by Ollie Toms on Rock Paper Shotgun (build details available through link)",https://www.rockpapershotgun.com/things-to-build-in-minecraft-building-ideas#lighthouse,TRUE,200,
Cathedral,"""35 things to build in Minecraft: Build ideas for 1.21.7"" by Ollie Toms on Rock Paper Shotgun (build details available through link)",https://www.rockpapershotgun.com/things-to-build-in-minecraft-building-ideas#cathedral,TRUE,200,
Museum,"""35 things to build in Minecraft: Build ideas for 1.21.7"" by Ollie Toms on Rock Paper Shotgun (build details available through link)",https://www.rockpapershotgun.com/things-to-build-in-minecraft-building-ideas#museum,TRUE,200,
Statue,"""35 things to build in Minecraft: Build ideas for 1.21.7"" by Ollie Toms on Rock Paper Shotgun (build details available through link)",https://www.rockpapershotgun.com/things-to-build-in-minecraft-building-ideas#statue,TRUE,200,
Aquarium,"""35 things to build in Minecraft: Build ideas for 1.21.7"" by Ollie Toms on Rock Paper Shotgun (build details available through link)",https://www.rockpapershotgun.com/things-to-build-in-minecraft-building-ideas#aquarium,TRUE,200,
Pyramid,"""35 things to build in Minecraft: Build ideas for 1.21.7"" by Ollie Toms on Rock Paper Shotgun (build details available through link)",https://www.rockpapershotgun.com/things-to-build-in-minecraft-building-ideas#pyramid,TRUE,200,
Famous Landmark,"""35 things to build in Minecraft: Build ideas for 1.21.7"" by Ollie Toms on Rock Paper Shotgun (build details available through link)",https://www.rockpapershotgun.com/things-to-build-in-minecraft-building-ideas#famouslandmark,TRUE,200,
Mountain Base,"""35 things to build in Minecraft: Build ideas for 1.21.7"" by Ollie Toms on Rock Paper Shotgun (build details available through link)",https://www.rockpapershotgun.com/things-to-build-in-minecraft-building-ideas#mountainbase,TRUE,200,
Underground Base,"""35 things to build in Minecraft: Build ideas for 1.21.7"" by Ollie Toms on Rock Paper Shotgun (build details available through link)",https://www.rockpapershotgun.com/things-to-build-in-minecraft-building-ideas#undergroundbase,TRUE,200,
Underwater Base,"""35 things to build in Minecraft: Build ideas for 1.21.7"" by Ollie Toms on Rock Paper Shotgun (build details available through link)",https://www.rockpapershotgun.com/things-to-build-in-minecraft-building-ideas#underwaterbase,TRUE,200,
Farm,"""35 things to build in Minecraft: Build ideas for 1.21.7"" by Ollie Toms on Rock Paper Shotgun (build details available through link)",https://www.rockpapershotgun.com/things-to-build-in-minecraft-building-ideas#farm,TRUE,200,
Clock Tower,"""35 things to build in Minecraft: Build ideas for 1.21.7"" by Ollie Toms on Rock Paper Shotgun (build details available through link)",https://www.rockpapershotgun.com/things-to-build-in-minecraft-building-ideas#clocktower,TRUE,200,
Pixel Art,"""35 things to build in Minecraft: Build ideas for 1.21.7"" by Ollie Toms on Rock Paper Shotgun (build details available through link)",https://www.rockpapershotgun.com/things-to-build-in-minecraft-building-ideas#pixelart,TRUE,200,
Nether Hub,"""35 things to build in Minecraft: Build ideas for 1.21.7"" by Ollie Toms on Rock Paper Shotgun (build details available through link)",https://www.rockpapershotgun.com/things-to-build-in-minecraft-building-ideas#netherhub,TRUE,200,
Storage Room,"""35 things to build in Minecraft: Build ideas for 1.21.7"" by Ollie Toms on Rock Paper Shotgun (build details available through link)",https://www.rockpapershotgun.com/things-to-build-in-minecraft-building-ideas#storageroom,TRUE,200,
Fantasy Town,"""35 things to build in Minecraft: Build ideas for 1.21.7"" by Ollie Toms on Rock Paper Shotgun (build details available through link)",https://www.rockpapershotgun.com/things-to-build-in-minecraft-building-ideas#fantasytown,TRUE,200,
Nature Reserve,"""35 things to build in Minecraft: Build ideas for 1.21.7"" by Ollie Toms on Rock Paper Shotgun (build details available through link)",https://www.rockpapershotgun.com/things-to-build-in-minecraft-building-ideas#naturereserve,TRUE,200,
PvP Map,"""35 things to build in Minecraft: Build ideas for 1.21.7"" by Ollie Toms on Rock Paper Shotgun (build details available through link)",https://www.rockpapershotgun.com/things-to-build-in-minecraft-building-ideas#pvpmap,TRUE,200,
Trading Hall,"""35 things to build in Minecraft: Build ideas for 1.21.7"" by Ollie Toms on Rock Paper Shotgun (build details available through link)",https://www.rockpapershotgun.com/things-to-build-in-minecraft-building-ideas#tradinghall,TRUE,200,
Elven Village,"""35 things to build in Minecraft: Build ideas for 1.21.7"" by Ollie Toms on Rock Paper Shotgun (build details available through link)",https://www.rockpapershotgun.com/things-to-build-in-minecraft-building-ideas#elvenvillage,TRUE,200,
Theme Park,"""35 things to build in Minecraft: Build ideas for 1.21.7"" by Ollie Toms on Rock Paper Shotgun (build details available through link)",https://www.rockpapershotgun.com/things-to-build-in-minecraft-building-ideas#theme-park,TRUE,200,
Pop Culture Builds,"""35 things to build in Minecraft: Build ideas for 1.21.7"" by Ollie Toms on Rock Paper Shotgun (build details available through link)",https://www.rockpapershotgun.com/things-to-build-in-minecraft-building-ideas#pop-culture,TRUE,200,
Camper Van,"""35 things to build in Minecraft: Build ideas for 1.21.7"" by Ollie Toms on Rock Paper Shotgun (build details available through link)",https://www.rockpapershotgun.com/things-to-build-in-minecraft-building-ideas#camper-van,TRUE,200,
Graveyard,"""35 things to build in Minecraft: Build ideas for 1.21.7"" by Ollie Toms on Rock Paper Shotgun (build details available through link)",https://www.rockpapershotgun.com/things-to-build-in-minecraft-building-ideas#graveyard,TRUE,200,
Cherry Blossom Garden,"""35 things to build in Minecraft: Build ideas for 1.21.7"" by Ollie Toms on Rock Paper Shotgun (build details available through link)",https://www.rockpapershotgun.com/things-to-build-in-minecraft-building-ideas#cherry-blossom-garden,TRUE,200,
Houseboat,"""35 things to build in Minecraft: Build ideas for 1.21.7"" by Ollie Toms on Rock Paper Shotgun (build details available through link)",https://www.rockpapershotgun.com/things-to-build-in-minecraft-building-ideas#houseboat,TRUE,200,
Airplane,"""35 things to build in Minecraft: Build ideas for 1.21.7"" by Ollie Toms on Rock Paper Shotgun (build details available through link)",https://www.rockpapershotgun.com/things-to-build-in-minecraft-building-ideas#airplane,TRUE,200,
Train,"""35 things to build in Minecraft: Build ideas for 1.21.7"" by Ollie Toms on Rock Paper Shotgun (build details available through link)",https://www.rockpapershotgun.com/things-to-build-in-minecraft-building-ideas#train,TRUE,200,
Mech,"""35 things to build in Minecraft: Build ideas for 1.21.7"" by Ollie Toms on Rock Paper Shotgun (build details available through link)",https://www.rockpapershotgun.com/things-to-build-in-minecraft-building-ideas#mech,TRUE,200,
Wooden Tree house.,"“1001 Things To Build In Minecraft!” in 2011 on Minecraft Forums, started by Masterofjumping",https://www.minecraftforum.net/forums/minecraft-java-edition/survival-mode/297632-1001-things-to-build-in-minecraft,TRUE,40,
Wheat farm that is underground.,"“1001 Things To Build In Minecraft!” in 2011 on Minecraft Forums, started by Masterofjumping",https://www.minecraftforum.net/forums/minecraft-java-edition/survival-mode/297632-1001-things-to-build-in-minecraft,TRUE,40,
Storage Room (With dispensers).,"“1001 Things To Build In Minecraft!” in 2011 on Minecraft Forums, started by Masterofjumping",https://www.minecraftforum.net/forums/minecraft-java-edition/survival-mode/297632-1001-things-to-build-in-minecraft,TRUE,40,
Cold Storage Room (For snow balls).,"“1001 Things To Build In Minecraft!” in 2011 on Minecraft Forums, started by Masterofjumping",https://www.minecraftforum.net/forums/minecraft-java-edition/survival-mode/297632-1001-things-to-build-in-minecraft,TRUE,40,
Rafting Track (For Competitions),"“1001 Things To Build In Minecraft!” in 2011 on Minecraft Forums, started by Masterofjumping",https://www.minecraftforum.net/forums/minecraft-java-edition/survival-mode/297632-1001-things-to-build-in-minecraft,TRUE,40,
Infinite Water Spring.,"“1001 Things To Build In Minecraft!” in 2011 on Minecraft Forums, started by Masterofjumping",https://www.minecraftforum.net/forums/minecraft-java-edition/survival-mode/297632-1001-things-to-build-in-minecraft,TRUE,40,
Furnace/Refinery Room.,"“1001 Things To Build In Minecraft!” in 2011 on Minecraft Forums, started by Masterofjumping",https://www.minecraftforum.net/forums/minecraft-java-edition/survival-mode/297632-1001-things-to-build-in-minecraft,TRUE,40,
Work shed with Work Bench.,"“1001 Things To Build In Minecraft!” in 2011 on Minecraft Forums, started by Masterofjumping",https://www.minecraftforum.net/forums/minecraft-java-edition/survival-mode/297632-1001-things-to-build-in-minecraft,TRUE,40,
A room with a diamond floor.,"“1001 Things To Build In Minecraft!” in 2011 on Minecraft Forums, started by Masterofjumping",https://www.minecraftforum.net/forums/minecraft-java-edition/survival-mode/297632-1001-things-to-build-in-minecraft,TRUE,40,
A dirt house.,"“1001 Things To Build In Minecraft!” in 2011 on Minecraft Forums, started by Masterofjumping",https://www.minecraftforum.net/forums/minecraft-java-edition/survival-mode/297632-1001-things-to-build-in-minecraft,TRUE,40,
A giant zombie made out of wool.,"“1001 Things To Build In Minecraft!” in 2011 on Minecraft Forums, started by Masterofjumping",https://www.minecraftforum.net/forums/minecraft-java-edition/survival-mode/297632-1001-things-to-build-in-minecraft,TRUE,40,
Piston sand trap.,"“1001 Things To Build In Minecraft!” in 2011 on Minecraft Forums, started by Masterofjumping",https://www.minecraftforum.net/forums/minecraft-java-edition/survival-mode/297632-1001-things-to-build-in-minecraft,TRUE,40,
A redstone combination lock on the front door of your house.,"“1001 Things To Build In Minecraft!” in 2011 on Minecraft Forums, started by Masterofjumping",https://www.minecraftforum.net/forums/minecraft-java-edition/survival-mode/297632-1001-things-to-build-in-minecraft,TRUE,40,
Lava Incinerator (To get rid of trash).,"“1001 Things To Build In Minecraft!” in 2011 on Minecraft Forums, started by Masterofjumping",https://www.minecraftforum.net/forums/minecraft-java-edition/survival-mode/297632-1001-things-to-build-in-minecraft,TRUE,40,
"A house made entirely out of sand that collapses with 1 pull of a lever (yes, it's possible).","“1001 Things To Build In Minecraft!” in 2011 on Minecraft Forums, started by Masterofjumping",https://www.minecraftforum.net/forums/minecraft-java-edition/survival-mode/297632-1001-things-to-build-in-minecraft,TRUE,40,
Water Elevator.,"“1001 Things To Build In Minecraft!” in 2011 on Minecraft Forums, started by Masterofjumping",https://www.minecraftforum.net/forums/minecraft-java-edition/survival-mode/297632-1001-things-to-build-in-minecraft,TRUE,40,
Spleef arena.,"“1001 Things To Build In Minecraft!” in 2011 on Minecraft Forums, started by Masterofjumping",https://www.minecraftforum.net/forums/minecraft-java-edition/survival-mode/297632-1001-things-to-build-in-minecraft,TRUE,40,
A dark monster fighting room/house/arena.,"“1001 Things To Build In Minecraft!” in 2011 on Minecraft Forums, started by Masterofjumping",https://www.minecraftforum.net/forums/minecraft-java-edition/survival-mode/297632-1001-things-to-build-in-minecraft,TRUE,40,
TNT cannon (sadly not unlimited).,"“1001 Things To Build In Minecraft!” in 2011 on Minecraft Forums, started by Masterofjumping",https://www.minecraftforum.net/forums/minecraft-java-edition/survival-mode/297632-1001-things-to-build-in-minecraft,TRUE,40,
Soccer Ball made out of Wool,"“1001 Things To Build In Minecraft!” in 2011 on Minecraft Forums, started by Masterofjumping",https://www.minecraftforum.net/forums/minecraft-java-edition/survival-mode/297632-1001-things-to-build-in-minecraft,TRUE,40,
Piston bridge/dam.,"“1001 Things To Build In Minecraft!” in 2011 on Minecraft Forums, started by Masterofjumping",https://www.minecraftforum.net/forums/minecraft-java-edition/survival-mode/297632-1001-things-to-build-in-minecraft,TRUE,40,
Volcano outside you house (Made out of lava).,"“1001 Things To Build In Minecraft!” in 2011 on Minecraft Forums, started by Masterofjumping",https://www.minecraftforum.net/forums/minecraft-java-edition/survival-mode/297632-1001-things-to-build-in-minecraft,TRUE,40,
A Trap in a dungeon of your house (For those pesky spies).,"“1001 Things To Build In Minecraft!” in 2011 on Minecraft Forums, started by Masterofjumping",https://www.minecraftforum.net/forums/minecraft-java-edition/survival-mode/297632-1001-things-to-build-in-minecraft,TRUE,40,
"A fully automated farm with pistons Including reed and wheat harvester, piston stairway and optional lights.","“1001 Things To Build In Minecraft!” in 2011 on Minecraft Forums, started by Masterofjumping",https://www.minecraftforum.net/forums/minecraft-java-edition/survival-mode/297632-1001-things-to-build-in-minecraft,TRUE,40,
A Very large Cathedral with a dome roof.,"“1001 Things To Build In Minecraft!” in 2011 on Minecraft Forums, started by Masterofjumping",https://www.minecraftforum.net/forums/minecraft-java-edition/survival-mode/297632-1001-things-to-build-in-minecraft,TRUE,40,
A hidden room with a piston door. (Panic Room),"“1001 Things To Build In Minecraft!” in 2011 on Minecraft Forums, started by Masterofjumping",https://www.minecraftforum.net/forums/minecraft-java-edition/survival-mode/297632-1001-things-to-build-in-minecraft,TRUE,40,
A ghast proof nether fortress.,"“1001 Things To Build In Minecraft!” in 2011 on Minecraft Forums, started by Masterofjumping",https://www.minecraftforum.net/forums/minecraft-java-edition/survival-mode/297632-1001-things-to-build-in-minecraft,TRUE,40,
An igloo (over top of a lake of lava).,"“1001 Things To Build In Minecraft!” in 2011 on Minecraft Forums, started by Masterofjumping",https://www.minecraftforum.net/forums/minecraft-java-edition/survival-mode/297632-1001-things-to-build-in-minecraft,TRUE,40,
A rollercoaster from the sky down to bedrock.,"“1001 Things To Build In Minecraft!” in 2011 on Minecraft Forums, started by Masterofjumping",https://www.minecraftforum.net/forums/minecraft-java-edition/survival-mode/297632-1001-things-to-build-in-minecraft,TRUE,40,
An unbeatable spawn-trap (just don't delete your bed),"“1001 Things To Build In Minecraft!” in 2011 on Minecraft Forums, started by Masterofjumping",https://www.minecraftforum.net/forums/minecraft-java-edition/survival-mode/297632-1001-things-to-build-in-minecraft,TRUE,40,
An underwater base.,"“1001 Things To Build In Minecraft!” in 2011 on Minecraft Forums, started by Masterofjumping",https://www.minecraftforum.net/forums/minecraft-java-edition/survival-mode/297632-1001-things-to-build-in-minecraft,TRUE,40,
A Glowstone Bathroom (With a working toilet made out of pistons).,"“1001 Things To Build In Minecraft!” in 2011 on Minecraft Forums, started by Masterofjumping",https://www.minecraftforum.net/forums/minecraft-java-edition/survival-mode/297632-1001-things-to-build-in-minecraft,TRUE,40,
An agility course,"“1001 Things To Build In Minecraft!” in 2011 on Minecraft Forums, started by Masterofjumping",https://www.minecraftforum.net/forums/minecraft-java-edition/survival-mode/297632-1001-things-to-build-in-minecraft,TRUE,40,
Cobblestone Generator,"“1001 Things To Build In Minecraft!” in 2011 on Minecraft Forums, started by Masterofjumping",https://www.minecraftforum.net/forums/minecraft-java-edition/survival-mode/297632-1001-things-to-build-in-minecraft,TRUE,40,
Cobblestone Castle (Use the cobblestone from the cobblestone generator),"“1001 Things To Build In Minecraft!” in 2011 on Minecraft Forums, started by Masterofjumping",https://www.minecraftforum.net/forums/minecraft-java-edition/survival-mode/297632-1001-things-to-build-in-minecraft,TRUE,40,
An epic watchtower.,"“1001 Things To Build In Minecraft!” in 2011 on Minecraft Forums, started by Masterofjumping",https://www.minecraftforum.net/forums/minecraft-java-edition/survival-mode/297632-1001-things-to-build-in-minecraft,TRUE,40,
A creeper proof room.,"“1001 Things To Build In Minecraft!” in 2011 on Minecraft Forums, started by Masterofjumping",https://www.minecraftforum.net/forums/minecraft-java-edition/survival-mode/297632-1001-things-to-build-in-minecraft,TRUE,40,
Your Name written with wool (Make it Colorful),"“1001 Things To Build In Minecraft!” in 2011 on Minecraft Forums, started by Masterofjumping",https://www.minecraftforum.net/forums/minecraft-java-edition/survival-mode/297632-1001-things-to-build-in-minecraft,TRUE,40,
Obsidian Castle,"“1001 Things To Build In Minecraft!” in 2011 on Minecraft Forums, started by Masterofjumping",https://www.minecraftforum.net/forums/minecraft-java-edition/survival-mode/297632-1001-things-to-build-in-minecraft,TRUE,40,
Giant Cobblestone Maze (Under your house),"“1001 Things To Build In Minecraft!” in 2011 on Minecraft Forums, started by Masterofjumping",https://www.minecraftforum.net/forums/minecraft-java-edition/survival-mode/297632-1001-things-to-build-in-minecraft,TRUE,40,
Auto Harvesting Mushroom Farm (Made out of pistons),"“1001 Things To Build In Minecraft!” in 2011 on Minecraft Forums, started by Masterofjumping",https://www.minecraftforum.net/forums/minecraft-java-edition/survival-mode/297632-1001-things-to-build-in-minecraft,TRUE,40,
Glass Castle with Lava to light it up.,"“1001 Things To Build In Minecraft!” in 2011 on Minecraft Forums, started by Masterofjumping",https://www.minecraftforum.net/forums/minecraft-java-edition/survival-mode/297632-1001-things-to-build-in-minecraft,TRUE,40,
A Statue of Liberty,"“1001 Things To Build In Minecraft!” in 2011 on Minecraft Forums, started by Masterofjumping",https://www.minecraftforum.net/forums/minecraft-java-edition/survival-mode/297632-1001-things-to-build-in-minecraft,TRUE,40,
Piston Elevator,"“1001 Things To Build In Minecraft!” in 2011 on Minecraft Forums, started by Masterofjumping",https://www.minecraftforum.net/forums/minecraft-java-edition/survival-mode/297632-1001-things-to-build-in-minecraft,TRUE,40,
Museum of all the types of dungeons!,"“1001 Things To Build In Minecraft!” in 2011 on Minecraft Forums, started by Masterofjumping",https://www.minecraftforum.net/forums/minecraft-java-edition/survival-mode/297632-1001-things-to-build-in-minecraft,TRUE,40,
Honeydew Statue,"“1001 Things To Build In Minecraft!” in 2011 on Minecraft Forums, started by Masterofjumping",https://www.minecraftforum.net/forums/minecraft-java-edition/survival-mode/297632-1001-things-to-build-in-minecraft,TRUE,40,
BlueZephos Statue,"“1001 Things To Build In Minecraft!” in 2011 on Minecraft Forums, started by Masterofjumping",https://www.minecraftforum.net/forums/minecraft-java-edition/survival-mode/297632-1001-things-to-build-in-minecraft,TRUE,40,
Automatic Watermelon Farm,"“1001 Things To Build In Minecraft!” in 2011 on Minecraft Forums, started by Masterofjumping",https://www.minecraftforum.net/forums/minecraft-java-edition/survival-mode/297632-1001-things-to-build-in-minecraft,TRUE,40,
Automatic Cactus Farm,"“1001 Things To Build In Minecraft!” in 2011 on Minecraft Forums, started by Masterofjumping",https://www.minecraftforum.net/forums/minecraft-java-edition/survival-mode/297632-1001-things-to-build-in-minecraft,TRUE,40,
Tv made with Obsidian,"“1001 Things To Build In Minecraft!” in 2011 on Minecraft Forums, started by Masterofjumping",https://www.minecraftforum.net/forums/minecraft-java-edition/survival-mode/297632-1001-things-to-build-in-minecraft,TRUE,40,
A nether portal,"“1001 Things To Build In Minecraft!” in 2011 on Minecraft Forums, started by Masterofjumping",https://www.minecraftforum.net/forums/minecraft-java-edition/survival-mode/297632-1001-things-to-build-in-minecraft,TRUE,40,
Chest full of Golden Apples,"“1001 Things To Build In Minecraft!” in 2011 on Minecraft Forums, started by Masterofjumping",https://www.minecraftforum.net/forums/minecraft-java-edition/survival-mode/297632-1001-things-to-build-in-minecraft,TRUE,40,
Double Bed,"“1001 Things To Build In Minecraft!” in 2011 on Minecraft Forums, started by Masterofjumping",https://www.minecraftforum.net/forums/minecraft-java-edition/survival-mode/297632-1001-things-to-build-in-minecraft,TRUE,40,
Kitchen with sink and fridge,"“1001 Things To Build In Minecraft!” in 2011 on Minecraft Forums, started by Masterofjumping",https://www.minecraftforum.net/forums/minecraft-java-edition/survival-mode/297632-1001-things-to-build-in-minecraft,TRUE,40,
Destruct button for the house (Just incase),"“1001 Things To Build In Minecraft!” in 2011 on Minecraft Forums, started by Masterofjumping",https://www.minecraftforum.net/forums/minecraft-java-edition/survival-mode/297632-1001-things-to-build-in-minecraft,TRUE,40,
A Redstone Computer,"“1001 Things To Build In Minecraft!” in 2011 on Minecraft Forums, started by Masterofjumping",https://www.minecraftforum.net/forums/minecraft-java-edition/survival-mode/297632-1001-things-to-build-in-minecraft,TRUE,40,
A Fireplace (Close to wood!!!),"“1001 Things To Build In Minecraft!” in 2011 on Minecraft Forums, started by Masterofjumping",https://www.minecraftforum.net/forums/minecraft-java-edition/survival-mode/297632-1001-things-to-build-in-minecraft,TRUE,40,
Harbour,"“1001 Things To Build In Minecraft!” in 2011 on Minecraft Forums, started by Masterofjumping",https://www.minecraftforum.net/forums/minecraft-java-edition/survival-mode/297632-1001-things-to-build-in-minecraft,TRUE,40,
Boat at harbour,"“1001 Things To Build In Minecraft!” in 2011 on Minecraft Forums, started by Masterofjumping",https://www.minecraftforum.net/forums/minecraft-java-edition/survival-mode/297632-1001-things-to-build-in-minecraft,TRUE,40,
A Replica of the Empire state Building,"“1001 Things To Build In Minecraft!” in 2011 on Minecraft Forums, started by Masterofjumping",https://www.minecraftforum.net/forums/minecraft-java-edition/survival-mode/297632-1001-things-to-build-in-minecraft,TRUE,40,
Redstone Testing Room,"“1001 Things To Build In Minecraft!” in 2011 on Minecraft Forums, started by Masterofjumping",https://www.minecraftforum.net/forums/minecraft-java-edition/survival-mode/297632-1001-things-to-build-in-minecraft,TRUE,40,
Stairway to Heaven (Or as high up as possible),"“1001 Things To Build In Minecraft!” in 2011 on Minecraft Forums, started by Masterofjumping",https://www.minecraftforum.net/forums/minecraft-java-edition/survival-mode/297632-1001-things-to-build-in-minecraft,TRUE,40,
Piston and Noteblock Piano,"“1001 Things To Build In Minecraft!” in 2011 on Minecraft Forums, started by Masterofjumping",https://www.minecraftforum.net/forums/minecraft-java-edition/survival-mode/297632-1001-things-to-build-in-minecraft,TRUE,40,
A joke written on a sign (Very tricky ),"“1001 Things To Build In Minecraft!” in 2011 on Minecraft Forums, started by Masterofjumping",https://www.minecraftforum.net/forums/minecraft-java-edition/survival-mode/297632-1001-things-to-build-in-minecraft,TRUE,40,
Wolf Room,"“1001 Things To Build In Minecraft!” in 2011 on Minecraft Forums, started by Masterofjumping",https://www.minecraftforum.net/forums/minecraft-java-edition/survival-mode/297632-1001-things-to-build-in-minecraft,TRUE,40,
"""Portal room""- a room with portals to the nether.","“1001 Things To Build In Minecraft!” in 2011 on Minecraft Forums, started by Masterofjumping",https://www.minecraftforum.net/forums/minecraft-java-edition/survival-mode/297632-1001-things-to-build-in-minecraft,TRUE,40,
The Colloseum with cages filled with mobs.,"“1001 Things To Build In Minecraft!” in 2011 on Minecraft Forums, started by Masterofjumping",https://www.minecraftforum.net/forums/minecraft-java-edition/survival-mode/297632-1001-things-to-build-in-minecraft,TRUE,40,
Minecart System (With stations at all major places),"“1001 Things To Build In Minecraft!” in 2011 on Minecraft Forums, started by Masterofjumping",https://www.minecraftforum.net/forums/minecraft-java-edition/survival-mode/297632-1001-things-to-build-in-minecraft,TRUE,40,
Sky Island (As high as possible),"“1001 Things To Build In Minecraft!” in 2011 on Minecraft Forums, started by Masterofjumping",https://www.minecraftforum.net/forums/minecraft-java-edition/survival-mode/297632-1001-things-to-build-in-minecraft,TRUE,40,
Water Landing pad for jumping of the sky island (Above),"“1001 Things To Build In Minecraft!” in 2011 on Minecraft Forums, started by Masterofjumping",https://www.minecraftforum.net/forums/minecraft-java-edition/survival-mode/297632-1001-things-to-build-in-minecraft,TRUE,40,
Mushroom Base.,"“1001 Things To Build In Minecraft!” in 2011 on Minecraft Forums, started by Masterofjumping",https://www.minecraftforum.net/forums/minecraft-java-edition/survival-mode/297632-1001-things-to-build-in-minecraft,TRUE,40,
Redstone Powered Clock that shows the actual time.,"“1001 Things To Build In Minecraft!” in 2011 on Minecraft Forums, started by Masterofjumping",https://www.minecraftforum.net/forums/minecraft-java-edition/survival-mode/297632-1001-things-to-build-in-minecraft,TRUE,40,
Temple Of Nyancat (Praise the cat!!!),"“1001 Things To Build In Minecraft!” in 2011 on Minecraft Forums, started by Masterofjumping",https://www.minecraftforum.net/forums/minecraft-java-edition/survival-mode/297632-1001-things-to-build-in-minecraft,TRUE,40,
Teletubies Memorial,"“1001 Things To Build In Minecraft!” in 2011 on Minecraft Forums, started by Masterofjumping",https://www.minecraftforum.net/forums/minecraft-java-edition/survival-mode/297632-1001-things-to-build-in-minecraft,TRUE,40,
Pixel Art Museum,"“1001 Things To Build In Minecraft!” in 2011 on Minecraft Forums, started by Masterofjumping",https://www.minecraftforum.net/forums/minecraft-java-edition/survival-mode/297632-1001-things-to-build-in-minecraft,TRUE,40,
Shopping Mall (Must have Minecraft shop),"“1001 Things To Build In Minecraft!” in 2011 on Minecraft Forums, started by Masterofjumping",https://www.minecraftforum.net/forums/minecraft-java-edition/survival-mode/297632-1001-things-to-build-in-minecraft,TRUE,40,
White House (White Wool),"“1001 Things To Build In Minecraft!” in 2011 on Minecraft Forums, started by Masterofjumping",https://www.minecraftforum.net/forums/minecraft-java-edition/survival-mode/297632-1001-things-to-build-in-minecraft,TRUE,10,
Black House (Black Wool),"“1001 Things To Build In Minecraft!” in 2011 on Minecraft Forums, started by Masterofjumping",https://www.minecraftforum.net/forums/minecraft-java-edition/survival-mode/297632-1001-things-to-build-in-minecraft,TRUE,10,
Red House (Red Wool),"“1001 Things To Build In Minecraft!” in 2011 on Minecraft Forums, started by Masterofjumping",https://www.minecraftforum.net/forums/minecraft-java-edition/survival-mode/297632-1001-things-to-build-in-minecraft,TRUE,10,
Blue House (Blue Wool),"“1001 Things To Build In Minecraft!” in 2011 on Minecraft Forums, started by Masterofjumping",https://www.minecraftforum.net/forums/minecraft-java-edition/survival-mode/297632-1001-things-to-build-in-minecraft,TRUE,10,
Green House (Green Wool),"“1001 Things To Build In Minecraft!” in 2011 on Minecraft Forums, started by Masterofjumping",https://www.minecraftforum.net/forums/minecraft-java-edition/survival-mode/297632-1001-things-to-build-in-minecraft,TRUE,10,
Grey House (Grey Wool),"“1001 Things To Build In Minecraft!” in 2011 on Minecraft Forums, started by Masterofjumping",https://www.minecraftforum.net/forums/minecraft-java-edition/survival-mode/297632-1001-things-to-build-in-minecraft,TRUE,10,
Yellow House (Yellow Wool),"“1001 Things To Build In Minecraft!” in 2011 on Minecraft Forums, started by Masterofjumping",https://www.minecraftforum.net/forums/minecraft-java-edition/survival-mode/297632-1001-things-to-build-in-minecraft,TRUE,10,
Pink House (Pink Wool),"“1001 Things To Build In Minecraft!” in 2011 on Minecraft Forums, started by Masterofjumping",https://www.minecraftforum.net/forums/minecraft-java-edition/survival-mode/297632-1001-things-to-build-in-minecraft,TRUE,10,
Purple House (Purple Wool),"“1001 Things To Build In Minecraft!” in 2011 on Minecraft Forums, started by Masterofjumping",https://www.minecraftforum.net/forums/minecraft-java-edition/survival-mode/297632-1001-things-to-build-in-minecraft,TRUE,10,
Automatic Pork Chop Factory (Poor Piggies /: ),"“1001 Things To Build In Minecraft!” in 2011 on Minecraft Forums, started by Masterofjumping",https://www.minecraftforum.net/forums/minecraft-java-edition/survival-mode/297632-1001-things-to-build-in-minecraft,TRUE,50,
Pyramid with Idol of a Egyptian God inside!!!,"“1001 Things To Build In Minecraft!” in 2011 on Minecraft Forums, started by Masterofjumping",https://www.minecraftforum.net/forums/minecraft-java-edition/survival-mode/297632-1001-things-to-build-in-minecraft,TRUE,50,
Ice Skating Ring,"“1001 Things To Build In Minecraft!” in 2011 on Minecraft Forums, started by Masterofjumping",https://www.minecraftforum.net/forums/minecraft-java-edition/survival-mode/297632-1001-things-to-build-in-minecraft,TRUE,50,
Pet Creeper Home,"“1001 Things To Build In Minecraft!” in 2011 on Minecraft Forums, started by Masterofjumping",https://www.minecraftforum.net/forums/minecraft-java-edition/survival-mode/297632-1001-things-to-build-in-minecraft,TRUE,50,
Xp Farm (Grinder),"“1001 Things To Build In Minecraft!” in 2011 on Minecraft Forums, started by Masterofjumping",https://www.minecraftforum.net/forums/minecraft-java-edition/survival-mode/297632-1001-things-to-build-in-minecraft,TRUE,30,
Sewage system for some random NPC village.,"“1001 Things To Build In Minecraft!” in 2011 on Minecraft Forums, started by Masterofjumping",https://www.minecraftforum.net/forums/minecraft-java-edition/survival-mode/297632-1001-things-to-build-in-minecraft,TRUE,50,
End House (House in the Enderworld),"“1001 Things To Build In Minecraft!” in 2011 on Minecraft Forums, started by Masterofjumping",https://www.minecraftforum.net/forums/minecraft-java-edition/survival-mode/297632-1001-things-to-build-in-minecraft,TRUE,50,
Dynamite Test Field BOOM!!!,"“1001 Things To Build In Minecraft!” in 2011 on Minecraft Forums, started by Masterofjumping",https://www.minecraftforum.net/forums/minecraft-java-edition/survival-mode/297632-1001-things-to-build-in-minecraft,TRUE,50,
Sentry Box (Which Army???),"“1001 Things To Build In Minecraft!” in 2011 on Minecraft Forums, started by Masterofjumping",https://www.minecraftforum.net/forums/minecraft-java-edition/survival-mode/297632-1001-things-to-build-in-minecraft,TRUE,50,
Soccer Stadium with Soccer field!,"“1001 Things To Build In Minecraft!” in 2011 on Minecraft Forums, started by Masterofjumping",https://www.minecraftforum.net/forums/minecraft-java-edition/survival-mode/297632-1001-things-to-build-in-minecraft,TRUE,50,
Ice Cream Store (Maybe in the Shopping centre from 77),"“1001 Things To Build In Minecraft!” in 2011 on Minecraft Forums, started by Masterofjumping",https://www.minecraftforum.net/forums/minecraft-java-edition/survival-mode/297632-1001-things-to-build-in-minecraft,TRUE,50,
Church,"“1001 Things To Build In Minecraft!” in 2011 on Minecraft Forums, started by Masterofjumping",https://www.minecraftforum.net/forums/minecraft-java-edition/survival-mode/297632-1001-things-to-build-in-minecraft,TRUE,50,
Library (Lots of Books!!!),"“1001 Things To Build In Minecraft!” in 2011 on Minecraft Forums, started by Masterofjumping",https://www.minecraftforum.net/forums/minecraft-java-edition/survival-mode/297632-1001-things-to-build-in-minecraft,TRUE,50,
"Amusement park (Ferris Wheel, Roller Coaster, Maze, rafting, shoot the target and shoot the snow golem included)","“1001 Things To Build In Minecraft!” in 2011 on Minecraft Forums, started by Masterofjumping",https://www.minecraftforum.net/forums/minecraft-java-edition/survival-mode/297632-1001-things-to-build-in-minecraft,TRUE,50,
Docked Huge Ship at the Harbour from Idea 60,"“1001 Things To Build In Minecraft!” in 2011 on Minecraft Forums, started by Masterofjumping",https://www.minecraftforum.net/forums/minecraft-java-edition/survival-mode/297632-1001-things-to-build-in-minecraft,TRUE,50,
Upside Down Pyramid,"“1001 Things To Build In Minecraft!” in 2011 on Minecraft Forums, started by Masterofjumping",https://www.minecraftforum.net/forums/minecraft-java-edition/survival-mode/297632-1001-things-to-build-in-minecraft,TRUE,50,
Slums (Dirty Houses),"“1001 Things To Build In Minecraft!” in 2011 on Minecraft Forums, started by Masterofjumping",https://www.minecraftforum.net/forums/minecraft-java-edition/survival-mode/297632-1001-things-to-build-in-minecraft,TRUE,50,
City Park (With Fountains),"“1001 Things To Build In Minecraft!” in 2011 on Minecraft Forums, started by Masterofjumping",https://www.minecraftforum.net/forums/minecraft-java-edition/survival-mode/297632-1001-things-to-build-in-minecraft,TRUE,50,
Potions Room,"“1001 Things To Build In Minecraft!” in 2011 on Minecraft Forums, started by Masterofjumping",https://www.minecraftforum.net/forums/minecraft-java-edition/survival-mode/297632-1001-things-to-build-in-minecraft,TRUE,50,
Quidditch Field (Grandstand included too(From Harry Potter)),"“1001 Things To Build In Minecraft!” in 2011 on Minecraft Forums, started by Masterofjumping",https://www.minecraftforum.net/forums/minecraft-java-edition/survival-mode/297632-1001-things-to-build-in-minecraft,TRUE,50,
Piston Milk Vending Machine (Dispenser and Milk Buckets),"“1001 Things To Build In Minecraft!” in 2011 on Minecraft Forums, started by Masterofjumping",https://www.minecraftforum.net/forums/minecraft-java-edition/survival-mode/297632-1001-things-to-build-in-minecraft,TRUE,50,
"Airport (Parking lot, Food and Clothes stores included)","“1001 Things To Build In Minecraft!” in 2011 on Minecraft Forums, started by Masterofjumping",https://www.minecraftforum.net/forums/minecraft-java-edition/survival-mode/297632-1001-things-to-build-in-minecraft,TRUE,50,
"Airplane at above airport (with all the chairs, and captain cabin included)","“1001 Things To Build In Minecraft!” in 2011 on Minecraft Forums, started by Masterofjumping",https://www.minecraftforum.net/forums/minecraft-java-edition/survival-mode/297632-1001-things-to-build-in-minecraft,TRUE,50,
Pokémon Gym,"“1001 Things To Build In Minecraft!” in 2011 on Minecraft Forums, started by Masterofjumping",https://www.minecraftforum.net/forums/minecraft-java-edition/survival-mode/297632-1001-things-to-build-in-minecraft,TRUE,50,
Gas Station,"“1001 Things To Build In Minecraft!” in 2011 on Minecraft Forums, started by Masterofjumping",https://www.minecraftforum.net/forums/minecraft-java-edition/survival-mode/297632-1001-things-to-build-in-minecraft,TRUE,50,
Zoo (With all the animals in Minecraft),"“1001 Things To Build In Minecraft!” in 2011 on Minecraft Forums, started by Masterofjumping",https://www.minecraftforum.net/forums/minecraft-java-edition/survival-mode/297632-1001-things-to-build-in-minecraft,TRUE,50,
Utility Store,"“1001 Things To Build In Minecraft!” in 2011 on Minecraft Forums, started by Masterofjumping",https://www.minecraftforum.net/forums/minecraft-java-edition/survival-mode/297632-1001-things-to-build-in-minecraft,TRUE,50,
Mined Field (One wrong step and BOOM!!),"“1001 Things To Build In Minecraft!” in 2011 on Minecraft Forums, started by Masterofjumping",https://www.minecraftforum.net/forums/minecraft-java-edition/survival-mode/297632-1001-things-to-build-in-minecraft,TRUE,50,
Camp Site,"“1001 Things To Build In Minecraft!” in 2011 on Minecraft Forums, started by Masterofjumping",https://www.minecraftforum.net/forums/minecraft-java-edition/survival-mode/297632-1001-things-to-build-in-minecraft,TRUE,50,
Grand Canyon,"“1001 Things To Build In Minecraft!” in 2011 on Minecraft Forums, started by Masterofjumping",https://www.minecraftforum.net/forums/minecraft-java-edition/survival-mode/297632-1001-things-to-build-in-minecraft,TRUE,50,
Restaurant,"“1001 Things To Build In Minecraft!” in 2011 on Minecraft Forums, started by Masterofjumping",https://www.minecraftforum.net/forums/minecraft-java-edition/survival-mode/297632-1001-things-to-build-in-minecraft,TRUE,50,
Prison with Zombie Prisoners,"“1001 Things To Build In Minecraft!” in 2011 on Minecraft Forums, started by Masterofjumping",https://www.minecraftforum.net/forums/minecraft-java-edition/survival-mode/297632-1001-things-to-build-in-minecraft,TRUE,50,
Bakery,"“1001 Things To Build In Minecraft!” in 2011 on Minecraft Forums, started by Masterofjumping",https://www.minecraftforum.net/forums/minecraft-java-edition/survival-mode/297632-1001-things-to-build-in-minecraft,TRUE,50,
School,"“1001 Things To Build In Minecraft!” in 2011 on Minecraft Forums, started by Masterofjumping",https://www.minecraftforum.net/forums/minecraft-java-edition/survival-mode/297632-1001-things-to-build-in-minecraft,TRUE,50,
Hospital (With Xray Room),"“1001 Things To Build In Minecraft!” in 2011 on Minecraft Forums, started by Masterofjumping",https://www.minecraftforum.net/forums/minecraft-java-edition/survival-mode/297632-1001-things-to-build-in-minecraft,TRUE,50,
Semi - Automatic Cookie Factory,"“1001 Things To Build In Minecraft!” in 2011 on Minecraft Forums, started by Masterofjumping",https://www.minecraftforum.net/forums/minecraft-java-edition/survival-mode/297632-1001-things-to-build-in-minecraft,TRUE,50,
A Giant American Flag made of Wool,"“1001 Things To Build In Minecraft!” in 2011 on Minecraft Forums, started by Masterofjumping",https://www.minecraftforum.net/forums/minecraft-java-edition/survival-mode/297632-1001-things-to-build-in-minecraft,FALSE,50,
A Giant Australian Flag made of Wool,"“1001 Things To Build In Minecraft!” in 2011 on Minecraft Forums, started by Masterofjumping",https://www.minecraftforum.net/forums/minecraft-java-edition/survival-mode/297632-1001-things-to-build-in-minecraft,FALSE,50,
A Giant Canadian Flag made of Wool,"“1001 Things To Build In Minecraft!” in 2011 on Minecraft Forums, started by Masterofjumping",https://www.minecraftforum.net/forums/minecraft-java-edition/survival-mode/297632-1001-things-to-build-in-minecraft,FALSE,50,
A Wild West Themed Town in the Desert,"“1001 Things To Build In Minecraft!” in 2011 on Minecraft Forums, started by Masterofjumping",https://www.minecraftforum.net/forums/minecraft-java-edition/survival-mode/297632-1001-things-to-build-in-minecraft,TRUE,50,
A Giant Cake made out of wool!,"“1001 Things To Build In Minecraft!” in 2011 on Minecraft Forums, started by Masterofjumping",https://www.minecraftforum.net/forums/minecraft-java-edition/survival-mode/297632-1001-things-to-build-in-minecraft,TRUE,50,
"A space ship, that blows up from TNT at the pull of a lever.","“1001 Things To Build In Minecraft!” in 2011 on Minecraft Forums, started by Masterofjumping",https://www.minecraftforum.net/forums/minecraft-java-edition/survival-mode/297632-1001-things-to-build-in-minecraft,TRUE,50,
War Trenches (Maybe with the flags from above??),"“1001 Things To Build In Minecraft!” in 2011 on Minecraft Forums, started by Masterofjumping",https://www.minecraftforum.net/forums/minecraft-java-edition/survival-mode/297632-1001-things-to-build-in-minecraft,TRUE,50,
Water Slide,"“1001 Things To Build In Minecraft!” in 2011 on Minecraft Forums, started by Masterofjumping",https://www.minecraftforum.net/forums/minecraft-java-edition/survival-mode/297632-1001-things-to-build-in-minecraft,TRUE,50,
Town Hall (With built in Chandelier),"“1001 Things To Build In Minecraft!” in 2011 on Minecraft Forums, started by Masterofjumping",https://www.minecraftforum.net/forums/minecraft-java-edition/survival-mode/297632-1001-things-to-build-in-minecraft,TRUE,50,
Replica Twin Towers,"“1001 Things To Build In Minecraft!” in 2011 on Minecraft Forums, started by Masterofjumping",https://www.minecraftforum.net/forums/minecraft-java-edition/survival-mode/297632-1001-things-to-build-in-minecraft,TRUE,50,
Glass Walls with lava between them (Lava TV),"“1001 Things To Build In Minecraft!” in 2011 on Minecraft Forums, started by Masterofjumping",https://www.minecraftforum.net/forums/minecraft-java-edition/survival-mode/297632-1001-things-to-build-in-minecraft,TRUE,50,
A 360-degree viewing platform at the height limit of the map,"“1001 Things To Build In Minecraft!” in 2011 on Minecraft Forums, started by Masterofjumping",https://www.minecraftforum.net/forums/minecraft-java-edition/survival-mode/297632-1001-things-to-build-in-minecraft,TRUE,50,
A Redstone beacon which blinks randomly,"“1001 Things To Build In Minecraft!” in 2011 on Minecraft Forums, started by Masterofjumping",https://www.minecraftforum.net/forums/minecraft-java-edition/survival-mode/297632-1001-things-to-build-in-minecraft,TRUE,50,
A section of your house which extends out to sea via a completely glass tube,"“1001 Things To Build In Minecraft!” in 2011 on Minecraft Forums, started by Masterofjumping",https://www.minecraftforum.net/forums/minecraft-java-edition/survival-mode/297632-1001-things-to-build-in-minecraft,TRUE,50,
A ship the wrong way up in the ocean with only the hull visible,"“1001 Things To Build In Minecraft!” in 2011 on Minecraft Forums, started by Masterofjumping",https://www.minecraftforum.net/forums/minecraft-java-edition/survival-mode/297632-1001-things-to-build-in-minecraft,TRUE,50,
A Ghast Grinder (Tricky ),"“1001 Things To Build In Minecraft!” in 2011 on Minecraft Forums, started by Masterofjumping",https://www.minecraftforum.net/forums/minecraft-java-edition/survival-mode/297632-1001-things-to-build-in-minecraft,TRUE,50,
Dance Floor in a random building,"“1001 Things To Build In Minecraft!” in 2011 on Minecraft Forums, started by Masterofjumping",https://www.minecraftforum.net/forums/minecraft-java-edition/survival-mode/297632-1001-things-to-build-in-minecraft,TRUE,50,
"The walls of Mordor, running from one mountain peak to another and walling in an entire valley.","“1001 Things To Build In Minecraft!” in 2011 on Minecraft Forums, started by Masterofjumping",https://www.minecraftforum.net/forums/minecraft-java-edition/survival-mode/297632-1001-things-to-build-in-minecraft,TRUE,50,
A scale model of one of the airships from the 1930's.,"“1001 Things To Build In Minecraft!” in 2011 on Minecraft Forums, started by Masterofjumping",https://www.minecraftforum.net/forums/minecraft-java-edition/survival-mode/297632-1001-things-to-build-in-minecraft,TRUE,50,
Bountifully Decorated Castle with Moat,"“1001 Things To Build In Minecraft!” in 2011 on Minecraft Forums, started by Masterofjumping",https://www.minecraftforum.net/forums/minecraft-java-edition/survival-mode/297632-1001-things-to-build-in-minecraft,TRUE,50,
A hedge maze made of leaf blocks,"“1001 Things To Build In Minecraft!” in 2011 on Minecraft Forums, started by Masterofjumping",https://www.minecraftforum.net/forums/minecraft-java-edition/survival-mode/297632-1001-things-to-build-in-minecraft,TRUE,50,
Obsidian Generator (Supposedly Possible),"“1001 Things To Build In Minecraft!” in 2011 on Minecraft Forums, started by Masterofjumping",https://www.minecraftforum.net/forums/minecraft-java-edition/survival-mode/297632-1001-things-to-build-in-minecraft,TRUE,50,
Blaze Farm,"“1001 Things To Build In Minecraft!” in 2011 on Minecraft Forums, started by Masterofjumping",https://www.minecraftforum.net/forums/minecraft-java-edition/survival-mode/297632-1001-things-to-build-in-minecraft,TRUE,50,
Statue of your current skin!,"“1001 Things To Build In Minecraft!” in 2011 on Minecraft Forums, started by Masterofjumping",https://www.minecraftforum.net/forums/minecraft-java-edition/survival-mode/297632-1001-things-to-build-in-minecraft,TRUE,50,
A drug store.... With potions.,"“1001 Things To Build In Minecraft!” in 2011 on Minecraft Forums, started by Masterofjumping",https://www.minecraftforum.net/forums/minecraft-java-edition/survival-mode/297632-1001-things-to-build-in-minecraft,TRUE,50,
A wooden house sitting over lava ,"“1001 Things To Build In Minecraft!” in 2011 on Minecraft Forums, started by Masterofjumping",https://www.minecraftforum.net/forums/minecraft-java-edition/survival-mode/297632-1001-things-to-build-in-minecraft,TRUE,50,
A statue of a silverfish made out of wool ,"“1001 Things To Build In Minecraft!” in 2011 on Minecraft Forums, started by Masterofjumping",https://www.minecraftforum.net/forums/minecraft-java-edition/survival-mode/297632-1001-things-to-build-in-minecraft,TRUE,30,
WATER PARK!!!,"“1001 Things To Build In Minecraft!” in 2011 on Minecraft Forums, started by Masterofjumping",https://www.minecraftforum.net/forums/minecraft-java-edition/survival-mode/297632-1001-things-to-build-in-minecraft,TRUE,50,
Hotel,"“1001 Things To Build In Minecraft!” in 2011 on Minecraft Forums, started by Masterofjumping",https://www.minecraftforum.net/forums/minecraft-java-edition/survival-mode/297632-1001-things-to-build-in-minecraft,TRUE,50,
NYAN CAT STATUE!!!!!!!!!!!!!!!!!!!!! ,"“1001 Things To Build In Minecraft!” in 2011 on Minecraft Forums, started by Masterofjumping",https://www.minecraftforum.net/forums/minecraft-java-edition/survival-mode/297632-1001-things-to-build-in-minecraft,TRUE,30,
Piston Elevator,"“1001 Things To Build In Minecraft!” in 2011 on Minecraft Forums, started by Masterofjumping",https://www.minecraftforum.net/forums/minecraft-java-edition/survival-mode/297632-1001-things-to-build-in-minecraft,TRUE,30,
"SkyTrain (or if your American, Subway)","“1001 Things To Build In Minecraft!” in 2011 on Minecraft Forums, started by Masterofjumping",https://www.minecraftforum.net/forums/minecraft-java-edition/survival-mode/297632-1001-things-to-build-in-minecraft,TRUE,220,
Train Station,"“1001 Things To Build In Minecraft!” in 2011 on Minecraft Forums, started by Masterofjumping",https://www.minecraftforum.net/forums/minecraft-java-edition/survival-mode/297632-1001-things-to-build-in-minecraft,TRUE,220,
Some useless redstone gizmo,"“1001 Things To Build In Minecraft!” in 2011 on Minecraft Forums, started by Masterofjumping",https://www.minecraftforum.net/forums/minecraft-java-edition/survival-mode/297632-1001-things-to-build-in-minecraft,TRUE,220,
Aquarium,"“1001 Things To Build In Minecraft!” in 2011 on Minecraft Forums, started by Masterofjumping",https://www.minecraftforum.net/forums/minecraft-java-edition/survival-mode/297632-1001-things-to-build-in-minecraft,TRUE,220,
A replica of 2fort,"“1001 Things To Build In Minecraft!” in 2011 on Minecraft Forums, started by Masterofjumping",https://www.minecraftforum.net/forums/minecraft-java-edition/survival-mode/297632-1001-things-to-build-in-minecraft,TRUE,220,
A giant cake made out of wool,"“1001 Things To Build In Minecraft!” in 2011 on Minecraft Forums, started by Masterofjumping",https://www.minecraftforum.net/forums/minecraft-java-edition/survival-mode/297632-1001-things-to-build-in-minecraft,TRUE,220,
"A space ship, ~~that blows up from TNT at the pull of a lever.~~","“1001 Things To Build In Minecraft!” in 2011 on Minecraft Forums, started by Masterofjumping",https://www.minecraftforum.net/forums/minecraft-java-edition/survival-mode/297632-1001-things-to-build-in-minecraft,TRUE,220,
A secret bunker.,"“1001 Things To Build In Minecraft!” in 2011 on Minecraft Forums, started by Masterofjumping",https://www.minecraftforum.net/forums/minecraft-java-edition/survival-mode/297632-1001-things-to-build-in-minecraft,TRUE,100,
War trenches. ,"“1001 Things To Build In Minecraft!” in 2011 on Minecraft Forums, started by Masterofjumping",https://www.minecraftforum.net/forums/minecraft-java-edition/survival-mode/297632-1001-things-to-build-in-minecraft,FALSE,220,
Burj Khalifa,N/A,,TRUE,200,
Willis Tower,N/A,,TRUE,200,
Chrysler Building,N/A,,TRUE,200,
Hagia Sophia,N/A,,TRUE,200,
Sydney Opera House,N/A,,TRUE,200,
TU Delft Aula Conference Hall,N/A,,TRUE,200,KandaSMP
Space Patrol Delta Base Headquarters ,N/A,,TRUE,300,KandaSMP
Inchinya Palace,N/A,,TRUE,300,KandaSMP
Greg Statue,N/A,,TRUE,400,KandaSMP
Valorant Ascend Map,N/A,,TRUE,200,
Mushroom Kingdom Palace,N/A,,TRUE,300,KandaSMP
Ke’Maro Fighing Camp,N/A,,TRUE,300,KandaSMP
Valorant Lotus Map,N/A,,TRUE,200,KandaSMP
Valorant Split Map,N/A,,TRUE,200,KandaSMP
Shibuya Crossing,N/A,,TRUE,200,KandaSMP
Bell Carillon,N/A,,TRUE,200,
Bell Chime,N/A,,TRUE,200,
Automated Jukebox,N/A,,TRUE,150,
